,smiles,core_smiles,E_neu(eV),E_an(eV),E_neu - E_an(eV),E(meV),GP-calibrated E vs Li/Li+ (V),GP uncertainty (meV),boltzmann_averaged_electronic_coupling (eV)
0,CN1C(=O)c2c(N(C)C)ccc(N(C)C)c2C1=O,CN1C(=O)c2ccccc2C1=O,-1455.401496,-1462.643586,7.242089756,2396.089756,1.445224435,33.10193459,0.194044567
1,CN1C(=O)c2c(N)ccc(N)c2C1=O,CN1C(=O)c2ccccc2C1=O,-1111.165925,-1118.490551,7.324625448,2478.625448,1.488681837,28.02694555,0.444751694
2,CN1C(=O)c2cc(N)c(N)cc2C1=O,CN1C(=O)c2ccccc2C1=O,-1110.879608,-1118.227383,7.347774402,2501.774402,1.496705669,26.63893198,0.091602638
3,CN1C(=O)c2ccc(N(C)C)cc2C1=O,CN1C(=O)c2ccccc2C1=O,-1189.642604,-1196.988741,7.3461366,2500.1366,1.498098972,26.73272881,0.293093882
4,CN1C(=O)c2cc(N(C)C)c(N(C)C)cc2C1=O,CN1C(=O)c2ccccc2C1=O,-1455.361402,-1462.74604,7.384637296,2538.637296,1.518682986,24.3763144,0.046418702
5,CN1C(=O)c2ccc(N)cc2C1=O,CN1C(=O)c2ccccc2C1=O,-1017.319625,-1024.787771,7.468145652,2622.145652,1.566243013,19.41520642,0.258679707
6,CN1C(=O)c2cccc(N(C)C)c2C1=O,CN1C(=O)c2ccccc2C1=O,-1189.523742,-1197.010064,7.486322133,2640.322133,1.578823743,18.32306917,0.160495383
7,CN1C(=O)c2cccc(N)c2C1=O,CN1C(=O)c2ccccc2C1=O,-1017.396749,-1024.928086,7.531337079,2685.337079,1.603534505,15.59272765,0.419279628
8,Cc1ccc(C)c2c1C(=O)N(C)C2=O,CN1C(=O)c2ccccc2C1=O,-1096.247339,-1103.854687,7.60734758,2761.34758,1.650745105,11.38173478,0.225828917
9,CCc1ccc(CC)c2c1C(=O)N(C)C2=O,CN1C(=O)c2ccccc2C1=O,-1268.501019,-1276.109047,7.608028422,2762.028422,1.652404924,11.47869684,0.140179721
10,Cc1cc2c(cc1C)C(=O)N(C)C2=O,CN1C(=O)c2ccccc2C1=O,-1096.209565,-1103.818698,7.609132918,2763.132918,1.653780001,11.59704479,0.188201926
11,CCc1cc2c(cc1CC)C(=O)N(C)C2=O,CN1C(=O)c2ccccc2C1=O,-1268.41333,-1276.034617,7.621286703,2775.286703,1.658781878,10.61290375,0.022236359
12,COCCc1cc2c(cc1CCOC)C(=O)N(C)C2=O,CN1C(=O)c2ccccc2C1=O,-1661.454206,-1669.100474,7.646268369,2800.268369,1.673579333,9.272523116,0.020501581
13,COc1cc2c(cc1OC)C(=O)N(C)C2=O,CN1C(=O)c2ccccc2C1=O,-1317.264858,-1324.931443,7.666584845,2820.584845,1.682330458,7.633800329,0.24895141
14,COCCc1ccc(CCOC)c2c1C(=O)N(C)C2=O,CN1C(=O)c2ccccc2C1=O,-1661.604962,-1669.279071,7.67410844,2828.10844,1.687936207,7.362636264,0.021431674
15,CN1C(=O)c2cc(O)c(O)cc2C1=O,CN1C(=O)c2ccccc2C1=O,-1145.502858,-1153.180119,7.677260712,2831.260712,1.689326256,7.153830396,0.030320654
16,CN(C)c1ccc(N(C)C)c2nsnc12,c1ccc2nsnc2c1,-1184.226339,-1191.16519,6.938851431,2092.851431,1.698669171,34.61267888,0.076563875
17,Cc1cccc2c1C(=O)N(C)C2=O,CN1C(=O)c2ccccc2C1=O,-1009.882129,-1017.578165,7.696036424,2850.036424,1.701229033,6.302300453,0.309816651
18,CCc1cccc2c1C(=O)N(C)C2=O,CN1C(=O)c2ccccc2C1=O,-1096.005845,-1103.703444,7.697598324,2851.598324,1.70123381,5.99267385,0.233761532
19,Cc1ccc2c(c1)C(=O)N(C)C2=O,CN1C(=O)c2ccccc2C1=O,-1009.869282,-1017.566525,7.697242992,2851.242992,1.701897131,6.259565062,0.332996554
20,CCc1ccc2c(c1)C(=O)N(C)C2=O,CN1C(=O)c2ccccc2C1=O,-1096.001209,-1103.702453,7.701243275,2855.243275,1.702588277,5.703491474,0.19173542
21,CN1C(=O)c2ccc(O)cc2C1=O,CN1C(=O)c2ccccc2C1=O,-1034.53069,-1042.236261,7.705570367,2859.570367,1.708786773,6.398469012,0.098175278
22,CN1C(=O)c2cccc(O)c2C1=O,CN1C(=O)c2ccccc2C1=O,-1034.476518,-1042.200215,7.723696319,2877.696319,1.713507177,4.216215945,0.020081979
23,COc1ccc2c(c1)C(=O)N(C)C2=O,CN1C(=O)c2ccccc2C1=O,-1120.470707,-1128.193886,7.723178182,2877.178182,1.716270238,4.767635152,0.258166071
24,COCCc1cccc2c1C(=O)N(C)C2=O,CN1C(=O)c2ccccc2C1=O,-1292.556109,-1300.285443,7.729333644,2883.333644,1.720461241,4.644146998,0.129070233
25,COc1ccc(OC)c2c1C(=O)N(C)C2=O,CN1C(=O)c2ccccc2C1=O,-1317.209591,-1324.942765,7.733174006,2887.174006,1.723234879,4.748137778,0.35136251
26,COCCc1ccc2c(c1)C(=O)N(C)C2=O,CN1C(=O)c2ccccc2C1=O,-1292.500246,-1300.247347,7.747101274,2901.101274,1.729808212,3.532756811,0.120617334
27,COc1cccc2c1C(=O)N(C)C2=O,CN1C(=O)c2ccccc2C1=O,-1120.361119,-1128.115486,7.754366396,2908.366396,1.735769495,4.008508643,0.422230689
28,Nc1cc2nsnc2cc1N,c1ccc2nsnc2c1,-839.7166657,-846.7383386,7.021672873,2175.672873,1.741395757,29.18925615,0.172860578
29,Nc1ccc(N)c2nsnc12,c1ccc2nsnc2c1,-839.6613249,-846.712426,7.051101118,2205.101118,1.756931344,27.25545119,0.080250192
30,CN(C)c1cc2nsnc2cc1N(C)C,c1ccc2nsnc2c1,-1184.179495,-1191.246613,7.067117929,2221.117929,1.76621012,26.2563665,0.026216466
31,COCc1ccc2c(c1)C(=O)N(C)C2=O,CN1C(=O)c2ccccc2C1=O,-1206.305595,-1214.131734,7.826138749,2980.138749,1.777207386,4.115056765,0.22785125
32,COCc1cccc2c1C(=O)N(C)C2=O,CN1C(=O)c2ccccc2C1=O,-1206.330847,-1214.163016,7.832169346,2986.169346,1.77907943,3.919238208,0.226347951
33,COCc1cc2c(cc1COC)C(=O)N(C)C2=O,CN1C(=O)c2ccccc2C1=O,-1489.070486,-1496.911038,7.840551314,2994.551314,1.781870659,3.693944826,0.241052465
34,CN(C)c1cccc2nsnc12,c1ccc2nsnc2c1,-918.43319,-925.5542525,7.121062528,2275.062528,1.795573868,22.80771726,0.063288554
35,COCc1ccc(COC)c2c1C(=O)N(C)C2=O,CN1C(=O)c2ccccc2C1=O,-1489.158387,-1497.031899,7.873512,3027.512,1.80520662,6.501663159,0.096031779
36,CN1C(=O)c2c(O)ccc(O)c2C1=O,CN1C(=O)c2ccccc2C1=O,-1145.702323,-1153.587671,7.885348276,3039.348276,1.807210884,6.183742834,0.101793558
37,CN(C)c1ccc2c(c1)-c1cc(N(C)C)ccc1C2=O,O=C1c2ccccc2-c2ccccc21,-1511.129353,-1518.017429,6.888075818,2042.075818,1.811774212,42.99656857,0.168568304
38,CN1C(=O)c2ccc(S)cc2C1=O,CN1C(=O)c2ccccc2C1=O,-1012.041533,-1019.963209,7.921676331,3075.676331,1.828996597,8.469321458,0.344437556
39,CN(C)c1ccc2nsnc2c1,c1ccc2nsnc2c1,-918.4045426,-925.5923153,7.187772645,2341.772645,1.831323994,18.5139018,0.129190818
40,Nc1cccc2nsnc12,c1ccc2nsnc2c1,-746.128911,-753.3279108,7.198999833,2352.999833,1.837384678,17.86138431,0.025136751
41,Nc1ccc2nsnc2c1,c1ccc2nsnc2c1,-746.1150073,-753.33996,7.224952709,2378.952709,1.851888487,16.16737207,0.052978225
42,Cc1ccc(C)c2nsnc12,c1ccc2nsnc2c1,-825.0772886,-832.3388794,7.261590789,2415.590789,1.872491724,13.90467105,0.083952009
43,CN1C(=O)c2ccc(CC[N+](C)(C)C)cc2C1=O,CN1C(=O)c2ccccc2C1=O,-1452.398963,-1460.391584,7.992620714,3146.620714,1.873313398,13.22261552,0.053842872
44,CCc1ccc(CC)c2nsnc12,c1ccc2nsnc2c1,-997.343373,-1004.608372,7.264998549,2418.998549,1.874040534,13.68930063,0.039238344
45,CN(C)c1cccc2c1C(=O)c1c-2cccc1N(C)C,O=C1c2ccccc2-c2ccccc21,-1510.882615,-1517.89218,7.009565497,2163.565497,1.87548237,35.03763527,0.072713473
46,CN1C(=O)c2cc(S)c(S)cc2C1=O,CN1C(=O)c2ccccc2C1=O,-1100.509905,-1108.516075,8.006170183,3160.170183,1.876995982,13.61108525,0.41688807
47,Nc1ccc2c(c1)-c1cc(N)ccc1C2=O,O=C1c2ccccc2-c2ccccc21,-1166.538896,-1173.564443,7.025547226,2179.547226,1.883648844,34.07974564,0.073326451
48,CN(C)c1cc[n+](C)cc1-c1c[n+](C)ccc1N(C)C,C[n+]1cccc(-c2ccc[n+](C)c2)c1,-1566.999295,-1574.904344,7.905049383,3059.049383,1.892457114,239.8238509,0.036293192
49,Cc1cc2nsnc2cc1C,c1ccc2nsnc2c1,-825.0672761,-832.3666318,7.299355694,2453.355694,1.892970944,11.58633912,0.108647532
50,CN1C(=O)c2cccc(S)c2C1=O,CN1C(=O)c2ccccc2C1=O,-1012.150435,-1020.186783,8.036347766,3190.347766,1.900303277,16.1711362,0.3470731
51,COc1cc2nsnc2cc1OC,c1ccc2nsnc2c1,-1046.207866,-1053.518561,7.310695298,2464.695298,1.900641541,10.98751673,0.084229201
52,CN(C)c1ccc2c(c1)C(=O)c1cc(N(C)C)ccc1-2,O=C1c2ccccc2-c2ccccc21,-1510.939746,-1518.002055,7.062309554,2216.309554,1.902911679,31.66600428,0.057478718
53,CCc1cc2nsnc2cc1CC,c1ccc2nsnc2c1,-997.2649518,-1004.582687,7.317735516,2471.735516,1.903781872,10.43673348,0.019172618
54,C[n+]1ccc(N)c(-c2c[n+](C)ccc2N)c1,C[n+]1cccc(-c2ccc[n+](C)c2)c1,-1222.452986,-1230.389229,7.936243055,3090.243055,1.910511308,239.4866012,0.033685748
55,COCCc1ccc(CCOC)c2nsnc12,c1ccc2nsnc2c1,-1390.417188,-1397.761799,7.344610536,2498.610536,1.919185848,8.846439533,0.038942129
56,CN1C(=O)c2cccc(CC[N+](C)(C)C)c2C1=O,CN1C(=O)c2ccccc2C1=O,-1452.500327,-1460.588767,8.0884397,3242.4397,1.927786567,19.12758395,0.053539951
57,Cc1cccc2nsnc12,c1ccc2nsnc2c1,-738.7523827,-746.1223417,7.369958959,2523.958959,1.933576949,7.305244643,0.119244163
58,COCCc1cc2nsnc2cc1CCOC,c1ccc2nsnc2c1,-1390.296309,-1397.667755,7.37144579,2525.44579,1.934532587,7.238401706,0.001004667
59,COc1ccc(OC)c2nsnc12,c1ccc2nsnc2c1,-1046.121516,-1053.492947,7.371430649,2525.430649,1.934550914,7.206026555,0.079917426
60,CCc1cccc2nsnc12,c1ccc2nsnc2c1,-824.8826438,-832.2555013,7.372857475,2526.857475,1.934815143,7.069093018,0.037132649
61,Oc1cc2nsnc2cc1O,c1ccc2nsnc2c1,-874.4130849,-881.7929562,7.379871239,2533.871239,1.93812817,6.699529869,0.030181299
62,CN1C(=O)c2cc(CC[N+](C)(C)C)c(CC[N+](C)(C)C)cc2C1=O,CN1C(=O)c2ccccc2C1=O,-1981.193217,-1989.289204,8.09598646,3249.98646,1.938575674,20.60240105,0.162830168
63,Cc1ccc2nsnc2c1,c1ccc2nsnc2c1,-738.7565777,-746.1409979,7.384420158,2538.420158,1.94071837,6.459245041,0.059540389
64,C[n+]1cc(-c2ccc(N)[n+](C)c2)ccc1N,C[n+]1cccc(-c2ccc[n+](C)c2)c1,-1222.386603,-1230.384756,7.998152464,3152.152464,1.946686061,238.8874121,0.095578482
65,CCc1ccc2nsnc2c1,c1ccc2nsnc2c1,-824.8860904,-832.2788345,7.392744096,2546.744096,1.946735987,5.945279247,0.083400044
66,Nc1cccc2c1C(=O)c1c(N)cccc1-2,O=C1c2ccccc2-c2ccccc21,-1166.702625,-1173.854829,7.152204551,2306.204551,1.951711421,25.99192152,
67,COc1cccc2nsnc12,c1ccc2nsnc2c1,-849.3133372,-856.7223818,7.409044513,2563.044513,1.955313805,4.917474384,
68,COc1ccc2nsnc2c1,c1ccc2nsnc2c1,-849.3795741,-856.7934735,7.413899365,2567.899365,1.957944197,4.676239145,
69,COCCc1cccc2nsnc12,c1ccc2nsnc2c1,-1021.416276,-1028.830193,7.413917544,2567.917544,1.958611837,4.663917512,
70,CN(C)c1ccc2c(c1)-c1ccccc1C2=O,O=C1c2ccccc2-c2ccccc21,-1245.132595,-1252.306945,7.174349913,2328.349913,1.963467131,24.5980129,
71,CN1C(=O)c2ccc(C[N+](C)(C)C)cc2C1=O,CN1C(=O)c2ccccc2C1=O,-1366.214979,-1374.376015,8.161036291,3315.036291,1.970467233,23.89931536,
72,Oc1ccc2nsnc2c1,c1ccc2nsnc2c1,-763.4315545,-770.8733527,7.44179821,2595.79821,1.973560248,3.13298565,
73,Nc1ccc2c(c1)C(=O)c1cc(N)ccc1-2,O=C1c2ccccc2-c2ccccc21,-1166.378538,-1173.574289,7.195751052,2349.751052,1.975914735,23.23223527,
74,COCCc1ccc2nsnc2c1,c1ccc2nsnc2c1,-1021.396424,-1028.855197,7.458772879,2612.772879,1.983597304,2.200456071,
75,Oc1cccc2nsnc12,c1ccc2nsnc2c1,-763.4409412,-770.9046843,7.463743012,2617.743012,1.986285335,2.123179296,
76,C[n+]1c(N)cc(C(=O)c2ccccc2)cc1N,CC[n+]1c(C)cc(C(=O)c2ccccc2)cc1C,-1292.440274,-1300.535509,8.095234556,3249.234556,1.995910267,38.58598666,
77,Oc1ccc(O)c2nsnc12,c1ccc2nsnc2c1,-874.3869965,-881.8688362,7.481839726,2635.839726,1.996343816,1.669088043,
78,CN(C)c1c[n+](C)cc(N(C)C)c1C(=O)c1ccccc1,CC[n+]1c(C)cc(C(=O)c2ccccc2)cc1C,-1636.556482,-1644.654015,8.097532699,3251.532699,1.996796774,38.55849329,
79,CN(C)c1cccc2c1-c1c(cccc1N(C)C)C2=O,O=C1c2ccccc2-c2ccccc21,-1510.638703,-1517.893603,7.254899277,2408.899277,2.008549212,19.60050108,
80,CN1C(=O)c2c(S)ccc(S)c2C1=O,CN1C(=O)c2ccccc2C1=O,-1100.791123,-1109.031303,8.24018083,3394.18083,2.014648806,28.90358066,
81,C[n+]1cc(N)c(C(=O)c2ccccc2)c(N)c1,CC[n+]1c(C)cc(C(=O)c2ccccc2)cc1C,-1292.309555,-1300.438997,8.129441822,3283.441822,2.015083464,36.61928016,
82,Nc1cccc2c1-c1c(N)cccc1C2=O,O=C1c2ccccc2-c2ccccc21,-1166.241121,-1173.507345,7.266224002,2420.224002,2.015334733,18.90234314,
83,CN1C(=O)c2cccc(C[N+](C)(C)C)c2C1=O,CN1C(=O)c2ccccc2C1=O,-1366.285961,-1374.527015,8.241054201,3395.054201,2.018302472,29.34194785,
84,CN(C)c1cccc2c1C(=O)c1ccccc1-2,O=C1c2ccccc2-c2ccccc21,-1244.997793,-1252.273024,7.275231701,2429.231701,2.019860616,18.38138924,
85,COCc1ccc2nsnc2c1,c1ccc2nsnc2c1,-935.2208644,-942.7452015,7.524337067,2678.337067,2.020786711,2.861324201,
86,Nc1ccc2c(c1)-c1ccccc1C2=O,O=C1c2ccccc2-c2ccccc21,-1072.823223,-1080.101204,7.277980728,2431.980728,2.021470456,18.14946928,
87,COCc1cccc2nsnc12,c1ccc2nsnc2c1,-935.230081,-942.7621642,7.53208318,2686.08318,2.025022966,3.343802565,
88,CN(C)c1ccc2c(c1)C(=O)c1ccccc1-2,O=C1c2ccccc2-c2ccccc21,-1245.036085,-1252.322314,7.286228559,2440.228559,2.026616959,17.64470128,
89,COCc1cc2nsnc2cc1COC,c1ccc2nsnc2c1,-1217.987356,-1225.523194,7.535838136,2689.838136,2.02766985,3.425758284,
90,CN(C)c1ccc(-c2ccc(N(C)C)[n+](C)c2)c[n+]1C,C[n+]1cccc(-c2ccc[n+](C)c2)c1,-1566.539999,-1574.713658,8.173659314,3327.659314,2.048277193,237.2275004,
91,COCc1ccc(COC)c2nsnc12,c1ccc2nsnc2c1,-1218.046908,-1225.621087,7.574178705,2728.178705,2.049945529,5.530181744,
92,Nc1cccc2c1C(=O)c1ccccc1-2,O=C1c2ccccc2-c2ccccc21,-1072.906866,-1080.247281,7.340415457,2494.415457,2.056285455,14.34472808,
93,CN(C)c1ccc(N(C)C)c2c1C(=O)c1ccccc1C2=O,O=C1c2ccccc2C(=O)c2ccccc21,-1679.626422,-1687.134879,7.508457202,2662.457202,2.064469535,45.9789136,
94,CN(C)c1cc(C(=O)c2ccccc2)cc(N(C)C)[n+]1C,CC[n+]1c(C)cc(C(=O)c2ccccc2)cc1C,-1636.819655,-1645.036948,8.217293326,3371.293326,2.06533722,31.0933765,
95,Nc1ccc2c(c1)C(=O)c1ccccc1-2,O=C1c2ccccc2-c2ccccc21,-1072.73883,-1080.104635,7.365804976,2519.804976,2.070348177,12.86688974,
96,CN(C)c1cc(-c2cc(N(C)C)c[n+](C)c2)c[n+](C)c1,C[n+]1cccc(-c2ccc[n+](C)c2)c1,-1566.795977,-1575.026969,8.230991943,3384.991943,2.08138507,236.6440505,
97,Cc1ccc2c(c1)-c1cc(C)ccc1C2=O,O=C1c2ccccc2-c2ccccc21,-1151.748831,-1159.14735,7.398519542,2552.519542,2.08831282,11.00863029,
98,COc1ccc2c(c1)-c1cc(OC)ccc1C2=O,O=C1c2ccccc2-c2ccccc21,-1372.992709,-1380.391493,7.398783541,2552.783541,2.089237431,10.78962232,
99,CCc1cccc2c1C(=O)c1c(CC)cccc1-2,O=C1c2ccccc2-c2ccccc21,-1323.986286,-1331.387235,7.400949837,2554.949837,2.09078113,10.63417794,
100,C[N+](C)(C)CCc1ccc2nsnc2c1,c1ccc2nsnc2c1,-1181.322263,-1188.969384,7.647120592,2801.120592,2.091826822,9.954063597,
101,Sc1ccc2nsnc2c1,c1ccc2nsnc2c1,-740.9669241,-748.6151714,7.648247342,2802.247342,2.092695636,9.980264642,
102,Nc1cccc2c1-c1ccccc1C2=O,O=C1c2ccccc2-c2ccccc21,-1072.67698,-1080.08516,7.408179581,2562.179581,2.094734688,10.22726214,
103,Cc1cccc2c1C(=O)c1c(C)cccc1-2,O=C1c2ccccc2-c2ccccc21,-1151.731314,-1159.142925,7.411611085,2565.611085,2.097061716,9.970574555,
104,CN(C)c1c[n+](C)ccc1C(=O)c1ccccc1,CC[n+]1c(C)cc(C(=O)c2ccccc2)cc1C,-1370.714793,-1378.987634,8.272840206,3426.840206,2.098449055,26.93301198,
105,CCc1ccc2c(c1)-c1cc(CC)ccc1C2=O,O=C1c2ccccc2-c2ccccc21,-1324.014508,-1331.431337,7.416828584,2570.828584,2.09966047,9.687937919,
106,O=C1c2ccc(O)cc2-c2cc(O)ccc21,O=C1c2ccccc2-c2ccccc21,-1201.126928,-1208.549669,7.422740658,2576.740658,2.102825529,9.379761474,
107,Cc1cccc2c1-c1c(C)cccc1C2=O,O=C1c2ccccc2-c2ccccc21,-1151.394242,-1158.818456,7.424214562,2578.214562,2.103211261,9.31344106,
108,CN(C)c1cccc2c1-c1ccccc1C2=O,O=C1c2ccccc2-c2ccccc21,-1244.865217,-1252.2914,7.426182928,2580.182928,2.105116372,9.076874394,
109,C[n+]1cccc(-c2ccc[n+](C)c2N)c1N,C[n+]1cccc(-c2ccc[n+](C)c2)c1,-1222.155921,-1230.433157,8.277235931,3431.235931,2.107482499,236.317581,
110,Cc1ccc2c(c1)C(=O)c1cc(C)ccc1-2,O=C1c2ccccc2-c2ccccc21,-1151.71824,-1159.150906,7.432666044,2586.666044,2.108337486,8.720573511,
111,CCc1cccc2c1-c1c(CC)cccc1C2=O,O=C1c2ccccc2-c2ccccc21,-1323.561884,-1330.995339,7.433455298,2587.455298,2.108651228,8.823211418,
112,CCc1ccc2c(c1)C(=O)c1cc(CC)ccc1-2,O=C1c2ccccc2-c2ccccc21,-1323.993156,-1331.428116,7.434960037,2588.960037,2.109517022,8.669095814,
113,Sc1cccc2nsnc12,c1ccc2nsnc2c1,-741.0205498,-748.6992408,7.678690929,2832.690929,2.109996054,11.86607299,
114,CN1C(=O)c2c(CC[N+](C)(C)C)ccc(CC[N+](C)(C)C)c2C1=O,CN1C(=O)c2ccccc2C1=O,-1981.432978,-1989.833336,8.400357408,3554.357408,2.110138407,40.27295342,
115,COCCc1ccc2c(c1)-c1cc(CCOC)ccc1C2=O,O=C1c2ccccc2-c2ccccc21,-1717.03147,-1724.492783,7.461312948,2615.312948,2.124416901,7.180853626,
116,CN(C)c1ccc2c(c1)C(=O)c1cc(N(C)C)ccc1C2=O,O=C1c2ccccc2C(=O)c2ccccc21,-1680.189059,-1687.805141,7.61608134,2770.08134,2.126936183,39.87603816,
117,CN(C)c1cccc2c1C(=O)c1c(cccc1N(C)C)C2=O,O=C1c2ccccc2C(=O)c2ccccc21,-1679.566386,-1687.187965,7.621579379,2775.579379,2.129001601,39.73511515,
118,COc1cccc2c1C(=O)c1ccccc1-2,O=C1c2ccccc2-c2ccccc21,-1175.958948,-1183.429923,7.470975712,2624.975712,2.13069055,6.400130606,
119,COc1ccc2c(c1)-c1ccccc1C2=O,O=C1c2ccccc2-c2ccccc21,-1176.027013,-1183.499055,7.472042077,2626.042077,2.130789694,6.49038222,
120,Cc1cccc2c1C(=O)c1ccccc1-2,O=C1c2ccccc2-c2ccccc21,-1065.394008,-1072.869019,7.475010486,2629.010486,2.132854311,6.297371711,
121,Cc1ccc2c(c1)-c1ccccc1C2=O,O=C1c2ccccc2-c2ccccc21,-1065.401747,-1072.884869,7.483121459,2637.121459,2.137200555,5.740796782,
122,C[n+]1cc(N)cc(-c2cc(N)c[n+](C)c2)c1,C[n+]1cccc(-c2ccc[n+](C)c2)c1,-1222.095725,-1230.425391,8.329666755,3483.666755,2.137520342,235.7706858,
123,CCc1cccc2c1C(=O)c1ccccc1-2,O=C1c2ccccc2-c2ccccc21,-1151.519277,-1159.007184,7.487907111,2641.907111,2.140066152,5.431371524,
124,COc1cccc2c1-c1c(OC)cccc1C2=O,O=C1c2ccccc2-c2ccccc21,-1372.714052,-1380.209195,7.495142713,2649.142713,2.143840533,5.071629463,
125,CCc1ccc2c(c1)-c1ccccc1C2=O,O=C1c2ccccc2-c2ccccc21,-1151.531793,-1159.0266,7.49480745,2648.80745,2.144232939,5.024761828,
126,Cc1ccc2c(c1)C(=O)c1ccccc1-2,O=C1c2ccccc2-c2ccccc21,-1065.386004,-1072.881892,7.495888675,2649.888675,2.144548454,5.017294401,
127,COc1cccc2c1C(=O)c1c(OC)cccc1-2,O=C1c2ccccc2-c2ccccc21,-1372.774359,-1380.276816,7.502457163,2656.457163,2.148273302,4.669435852,
128,CCc1ccc2c(c1)C(=O)c1ccccc1-2,O=C1c2ccccc2-c2ccccc21,-1151.521152,-1159.024983,7.503831203,2657.831203,2.148588453,4.789491534,
129,C[N+](C)(C)CCc1cccc2nsnc12,c1ccc2nsnc2c1,-1181.440295,-1189.18677,7.74647491,2900.47491,2.149575641,15.87390414,
130,Cc1cccc2c1-c1ccccc1C2=O,O=C1c2ccccc2-c2ccccc21,-1065.351495,-1072.857242,7.505747046,2659.747046,2.150119419,4.455269487,
131,O=C1c2ccccc2-c2cc(O)ccc21,O=C1c2ccccc2-c2ccccc21,-1090.083049,-1097.590368,7.5073193,2661.3193,2.151379937,4.307027183,
132,CCc1cccc2c1-c1ccccc1C2=O,O=C1c2ccccc2-c2ccccc21,-1151.461468,-1158.968748,7.507280257,2661.280257,2.151585411,4.270133141,
133,COCCc1cccc2c1C(=O)c1c(CCOC)cccc1-2,O=C1c2ccccc2-c2ccccc21,-1717.070625,-1724.578634,7.508009137,2662.009137,2.151839032,4.239244275,
134,C[N+](C)(C)CCc1cc2nsnc2cc1CC[N+](C)(C)C,c1ccc2nsnc2c1,-1710.095577,-1717.849827,7.754249025,2908.249025,2.155035136,16.18921536,
135,Sc1cc2nsnc2cc1S,c1ccc2nsnc2c1,-829.435413,-837.1974647,7.762051783,2916.051783,2.158310229,16.91590119,
136,COc1cccc(OC)c1C1=[N+]([O-])C(C)(C)C(C)(C)N1[O],CC1(C)N([O])C(c2ccccc2)=[N+]([O-])C1(C)C,-1765.599654,-1773.563548,7.963894416,3117.894416,2.162008885,16.86786549,
137,COc1cccc2c1-c1ccccc1C2=O,O=C1c2ccccc2-c2ccccc21,-1175.962721,-1183.495943,7.533222425,2687.222425,2.166254332,2.954378738,
138,C[n+]1ccc(C(=O)c2ccccc2)cc1N,CC[n+]1c(C)cc(C(=O)c2ccccc2)cc1C,-1198.562311,-1206.953923,8.391611584,3545.611584,2.166294044,18.67012683,
139,O=C1c2cc(O)ccc2-c2ccc(O)cc21,O=C1c2ccccc2-c2ccccc21,-1201.031395,-1208.565733,7.534337545,2688.337545,2.167168123,2.743677334,
140,COCCc1cccc2c1C(=O)c1ccccc1-2,O=C1c2ccccc2-c2ccccc21,-1348.071985,-1355.608059,7.536074035,2690.074035,2.168020485,2.669039011,
141,CCc1c[n+](C)cc(CC)c1C(=O)c1ccccc1,CC[n+]1c(C)cc(C(=O)c2ccccc2)cc1C,-1449.541934,-1457.938912,8.396977723,3550.977723,2.168510002,18.45030638,
142,COCCc1ccc2c(c1)-c1ccccc1C2=O,O=C1c2ccccc2-c2ccccc21,-1348.037337,-1355.57856,7.541222803,2695.222803,2.170520181,2.594715216,
143,CN(C)c1c(-c2ccc[n+](C)c2N(C)C)ccc[n+]1C,C[n+]1cccc(-c2ccc[n+](C)c2)c1,-1566.119992,-1574.50785,8.387858211,3541.858211,2.170764939,235.290424,
144,Cc1c[n+](C)cc(C)c1C(=O)c1ccccc1,CC[n+]1c(C)cc(C(=O)c2ccccc2)cc1C,-1277.282967,-1285.686684,8.403716774,3557.716774,2.172318492,17.88009738,
145,COc1ccc2c(c1)C(=O)c1cc(OC)ccc1-2,O=C1c2ccccc2-c2ccccc21,-1372.903431,-1380.452047,7.54861559,2702.61559,2.175749828,2.101052969,
146,COCCc1ccc2c(c1)C(=O)c1ccccc1-2,O=C1c2ccccc2-c2ccccc21,-1348.026945,-1355.579618,7.552673525,2706.673525,2.177641897,1.927542833,
147,COCCc1ccc2c(c1)C(=O)c1cc(CCOC)ccc1-2,O=C1c2ccccc2-c2ccccc21,-1717.021024,-1724.575096,7.554072249,2708.072249,2.178446245,1.824435106,
148,COc1ccc2c(c1)C(=O)c1ccccc1-2,O=C1c2ccccc2-c2ccccc21,-1175.98125,-1183.538996,7.557746083,2711.746083,2.179890279,2.059963894,
149,COCCc1cccc2c1-c1c(CCOC)cccc1C2=O,O=C1c2ccccc2-c2ccccc21,-1716.624695,-1724.182748,7.558053092,2712.053092,2.180638747,1.647490066,
150,O=C1c2ccccc2-c2ccc(O)cc21,O=C1c2ccccc2-c2ccccc21,-1090.048526,-1097.611368,7.562842031,2716.842031,2.183418654,1.573868502,
151,COCCc1cccc2c1-c1ccccc1C2=O,O=C1c2ccccc2-c2ccccc21,-1347.977037,-1355.540506,7.563469479,2717.469479,2.183627651,1.693317317,
152,CN(C)c1cc(C2=[N+]([O-])C(C)(C)C(C)(C)N2[O])cc(N(C)C)c1,CC1(C)N([O])C(c2ccccc2)=[N+]([O-])C1(C)C,-1903.624906,-1911.638013,8.013107213,3167.107213,2.18940135,13.7012373,
153,CN(C)c1cccc(N(C)C)c1C1=[N+]([O-])C(C)(C)C(C)(C)N1[O],CC1(C)N([O])C(c2ccccc2)=[N+]([O-])C1(C)C,-1903.353527,-1911.365879,8.012352121,3166.352121,2.190535233,13.85263631,
154,O=C1c2cccc(O)c2-c2c(O)cccc21,O=C1c2ccccc2-c2ccccc21,-1201.099285,-1208.677145,7.577859693,2731.859693,2.192298668,1.382584636,
155,CN(C)c1ccc(C2=[N+]([O-])C(C)(C)C(C)(C)N2[O])cc1,CC1(C)N([O])C(c2ccccc2)=[N+]([O-])C1(C)C,-1637.837181,-1645.854427,8.017246308,3171.246308,2.19248146,13.28289875,
156,COCc1cccc2c1-c1ccccc1C2=O,O=C1c2ccccc2-c2ccccc21,-1261.819508,-1269.401248,7.581740119,2735.740119,2.194134888,1.472797081,
157,C[N+](C)(C)Cc1ccc2nsnc2c1,c1ccc2nsnc2c1,-1095.172903,-1102.996223,7.823319894,2977.319894,2.194753487,20.4231839,
158,O=C1c2c(O)cccc2-c2cccc(O)c21,O=C1c2ccccc2-c2ccccc21,-1201.170976,-1208.755102,7.584126297,2738.126297,2.195309423,1.810267397,
159,COCc1cccc2c1-c1c(COC)cccc1C2=O,O=C1c2ccccc2-c2ccccc21,-1544.382855,-1551.969655,7.58680012,2740.80012,2.19668426,1.821747512,
160,COc1ccccc1C1=[N+]([O-])C(C)(C)C(C)(C)N1[O],CC1(C)N([O])C(c2ccccc2)=[N+]([O-])C1(C)C,-1568.692381,-1576.717971,8.025589974,3179.589974,2.197816671,12.73235642,
161,COCc1ccc2c(c1)-c1ccccc1C2=O,O=C1c2ccccc2-c2ccccc21,-1261.861615,-1269.464045,7.602429036,2756.429036,2.206324077,2.198949652,
162,C[n+]1cccc(-c2ccc(N)[n+](C)c2)c1,C[n+]1cccc(-c2ccc[n+](C)c2)c1,-1128.236456,-1136.690861,8.454404978,3608.404978,2.207551796,234.9261909,
163,CN(C)c1cc[n+](C)cc1-c1ccc[n+](C)c1,C[n+]1cccc(-c2ccc[n+](C)c2)c1,-1300.519238,-1308.975249,8.456011155,3610.011155,2.208880295,234.82217,
164,COc1c[n+](C)cc(OC)c1C(=O)c1ccccc1,CC[n+]1c(C)cc(C(=O)c2ccccc2)cc1C,-1498.270737,-1506.740698,8.469960384,3623.960384,2.209504975,13.01589505,
165,Nc1ccc2c(c1)C(=O)c1cc(N)ccc1C2=O,O=C1c2ccccc2C(=O)c2ccccc21,-1335.543991,-1343.310146,7.766155749,2920.155749,2.212305688,31.40349361,
166,Nc1ccc(N)c2c1C(=O)c1ccccc1C2=O,O=C1c2ccccc2C(=O)c2ccccc21,-1335.60013,-1343.365978,7.765848485,2919.848485,2.213053581,31.32023596,
167,Sc1ccc(S)c2nsnc12,c1ccc2nsnc2c1,-829.6028008,-837.4596745,7.856873703,3010.873703,2.213936723,22.48969204,
168,COCc1ccc2c(c1)C(=O)c1ccccc1-2,O=C1c2ccccc2-c2ccccc21,-1261.854198,-1269.473314,7.619116182,2773.116182,2.215867703,3.107835202,
169,COCc1cccc2c1C(=O)c1ccccc1-2,O=C1c2ccccc2-c2ccccc21,-1261.877887,-1269.503179,7.625292496,2779.292496,2.219252936,3.429194687,
170,O=C1c2ccccc2-c2c(O)cccc21,O=C1c2ccccc2-c2ccccc21,-1089.9567,-1097.581942,7.625242075,2779.242075,2.219604473,3.379827951,
171,CC1(C)N([O])C(c2ccc(N)cc2)=[N+]([O-])C1(C)C,CC1(C)N([O])C(c2ccccc2)=[N+]([O-])C1(C)C,-1465.541427,-1473.603933,8.06250642,3216.50642,2.219770343,10.59874027,
172,COc1cc[n+](C)cc1-c1c[n+](C)ccc1OC,C[n+]1cccc(-c2ccc[n+](C)c2)c1,-1428.375193,-1436.850338,8.475144623,3629.144623,2.219809913,234.713345,
173,CC1(C)N([O])C(c2cc(N)cc(N)c2)=[N+]([O-])C1(C)C,CC1(C)N([O])C(c2ccccc2)=[N+]([O-])C1(C)C,-1559.107506,-1567.173961,8.066454585,3220.454585,2.221928699,10.27720428,
174,COCc1cccc(COC)c1C1=[N+]([O-])C(C)(C)C(C)(C)N1[O],CC1(C)N([O])C(c2ccccc2)=[N+]([O-])C1(C)C,-1937.615663,-1945.685058,8.069395389,3223.395389,2.223432344,9.980138683,
175,COCCc1ccccc1C1=[N+]([O-])C(C)(C)C(C)(C)N1[O],CC1(C)N([O])C(c2ccccc2)=[N+]([O-])C1(C)C,-1740.796034,-1748.86515,8.069115902,3223.115902,2.223608293,10.08763799,
176,COCc1ccc2c(c1)-c1cc(COC)ccc1C2=O,O=C1c2ccccc2-c2ccccc21,-1544.676547,-1552.309766,7.633219055,2787.219055,2.224004329,3.862579012,
177,CN(C)c1cccc(C2=[N+]([O-])C(C)(C)C(C)(C)N2[O])c1,CC1(C)N([O])C(c2ccccc2)=[N+]([O-])C1(C)C,-1637.760072,-1645.832595,8.072522286,3226.522286,2.225641602,10.09204683,
178,CN1C(=O)c2cc(C[N+](C)(C)C)c(C[N+](C)(C)C)cc2C1=O,CN1C(=O)c2ccccc2C1=O,-1808.481705,-1817.103785,8.622079791,3776.079791,2.229478285,55.96927971,
179,COCCc1c[n+](C)cc(CCOC)c1C(=O)c1ccccc1,CC[n+]1c(C)cc(C(=O)c2ccccc2)cc1C,-1842.542798,-1851.050572,8.507774471,3661.774471,2.230495633,10.20458049,
180,CN(C)c1cc(C(=O)c2ccccc2)cc[n+]1C,CC[n+]1c(C)cc(C(=O)c2ccccc2)cc1C,-1370.653697,-1379.166593,8.512896459,3666.896459,2.232094564,10.10474953,
181,COCc1ccc2c(c1)C(=O)c1cc(COC)ccc1-2,O=C1c2ccccc2-c2ccccc21,-1544.654445,-1552.302767,7.648321841,2802.321841,2.232154237,4.894300904,
182,C[n+]1cccc(-c2c[n+](C)ccc2N)c1,C[n+]1cccc(-c2ccc[n+](C)c2)c1,-1128.227789,-1136.735018,8.507229087,3661.229087,2.237644171,234.5368362,
183,C[n+]1ccc(C(=O)c2ccccc2)c(N)c1,CC[n+]1c(C)cc(C(=O)c2ccccc2)cc1C,-1198.501636,-1207.026126,8.524490276,3678.490276,2.23901123,8.973093008,
184,O=C1c2ccccc2-c2cccc(O)c21,O=C1c2ccccc2-c2ccccc21,-1090.200667,-1097.867155,7.666487529,2820.487529,2.243200888,5.781520227,
185,C[N+](C)(C)Cc1cccc2nsnc12,c1ccc2nsnc2c1,-1095.22471,-1103.134398,7.909687902,3063.687902,2.24414397,25.84850358,
186,CN(C)c1ccc(-c2ccc[n+](C)c2)c[n+]1C,C[n+]1cccc(-c2ccc[n+](C)c2)c1,-1300.309106,-1308.829027,8.519921139,3673.921139,2.244669396,234.4598748,
187,CN(C)c1ccccc1C1=[N+]([O-])C(C)(C)C(C)(C)N1[O],CC1(C)N([O])C(c2ccccc2)=[N+]([O-])C1(C)C,-1637.601717,-1645.707853,8.106136319,3260.136319,2.245491774,8.190287478,
188,COCc1cccc2c1C(=O)c1c(COC)cccc1-2,O=C1c2ccccc2-c2ccccc21,-1544.713798,-1552.385404,7.67160634,2825.60634,2.246162988,6.095680149,
189,COCCc1cccc(CCOC)c1C1=[N+]([O-])C(C)(C)C(C)(C)N1[O],CC1(C)N([O])C(c2ccccc2)=[N+]([O-])C1(C)C,-2109.871914,-2117.983317,8.111403636,3265.403636,2.24811107,7.349148967,
190,Nc1cccc2c1C(=O)c1c(N)cccc1C2=O,O=C1c2ccccc2C(=O)c2ccccc21,-1335.612489,-1343.445684,7.833195186,2987.195186,2.250405385,27.58324667,
191,C[n+]1cc(-c2ccc(O)[n+](C)c2)ccc1O,C[n+]1cccc(-c2ccc[n+](C)c2)c1,-1256.415127,-1264.949211,8.534084241,3688.084241,2.252187068,234.4160797,
192,COc1ccc(-c2ccc(OC)[n+](C)c2)c[n+]1C,C[n+]1cccc(-c2ccc[n+](C)c2)c1,-1428.277654,-1436.816983,8.539328818,3693.328818,2.254617122,234.4199066,
193,O=C1c2ccccc2-c2cc(S)ccc21,O=C1c2ccccc2-c2ccccc21,-1067.620499,-1075.308687,7.688187964,2842.187964,2.25570908,7.071455046,
194,CC1(C)N([O])C(c2cccc(N)c2)=[N+]([O-])C1(C)C,CC1(C)N([O])C(c2ccccc2)=[N+]([O-])C1(C)C,-1465.483513,-1473.617806,8.134293436,3288.293436,2.261514029,6.470826539,
195,COCc1ccccc1C1=[N+]([O-])C(C)(C)C(C)(C)N1[O],CC1(C)N([O])C(c2ccccc2)=[N+]([O-])C1(C)C,-1654.689822,-1662.837542,8.147719356,3301.719356,2.267802547,5.19751037,
196,CN(C)c1cccc2c1C(=O)c1ccccc1C2=O,O=C1c2ccccc2C(=O)c2ccccc21,-1413.847949,-1421.710201,7.86225168,3016.25168,2.268116679,25.72691639,
197,Cc1ccccc1C1=[N+]([O-])C(C)(C)C(C)(C)N1[O],CC1(C)N([O])C(c2ccccc2)=[N+]([O-])C1(C)C,-1458.102756,-1466.250268,8.147511958,3301.511958,2.268466159,5.052546959,
198,O=C1c2ccccc2-c2c(S)cccc21,O=C1c2ccccc2-c2ccccc21,-1067.573774,-1075.286679,7.712904632,2866.904632,2.269880599,8.568094765,
199,Cc1cc(C)cc(C2=[N+]([O-])C(C)(C)C(C)(C)N2[O])c1,CC1(C)N([O])C(c2ccccc2)=[N+]([O-])C1(C)C,-1544.481234,-1552.632172,8.150938321,3304.938321,2.27066849,4.754278595,
200,CCc1cc(CC)cc(C2=[N+]([O-])C(C)(C)C(C)(C)N2[O])c1,CC1(C)N([O])C(c2ccccc2)=[N+]([O-])C1(C)C,-1716.761187,-1724.916091,8.154903764,3308.903764,2.273352883,4.816474396,
201,CN1C(=O)c2c(C[N+](C)(C)C)ccc(C[N+](C)(C)C)c2C1=O,CN1C(=O)c2ccccc2C1=O,-1808.933154,-1817.63883,8.705675112,3859.675112,2.274985095,62.48056329,
202,COc1cc(C(=O)c2ccccc2)cc(OC)[n+]1C,CC[n+]1c(C)cc(C(=O)c2ccccc2)cc1C,-1498.59468,-1507.186365,8.591685352,3745.685352,2.277112313,3.998607291,
203,O=C1c2ccccc2-c2ccc(S)cc21,O=C1c2ccccc2-c2ccccc21,-1067.592991,-1075.321323,7.728331795,2882.331795,2.279724189,9.520606701,
204,Cc1cc(C(=O)c2ccccc2)cc(C)[n+]1C,CC[n+]1c(C)cc(C(=O)c2ccccc2)cc1C,-1277.298795,-1285.900503,8.601707883,3755.707883,2.280490449,4.113070443,
205,COc1ccc(C2=[N+]([O-])C(C)(C)C(C)(C)N2[O])cc1,CC1(C)N([O])C(c2ccccc2)=[N+]([O-])C1(C)C,-1568.782112,-1576.951138,8.169025495,3323.025495,2.280535132,3.763511194,
206,Nc1cc2c(cc1N)C(=O)c1ccccc1C2=O,O=C1c2ccccc2C(=O)c2ccccc21,-1335.366794,-1343.252407,7.885612977,3039.612977,2.281193523,24.4059099,
207,C[n+]1c(O)cc(C(=O)c2ccccc2)cc1O,CC[n+]1c(C)cc(C(=O)c2ccccc2)cc1C,-1326.721709,-1335.321111,8.599402783,3753.402783,2.281228672,3.94727577,
208,Cc1cccc(C)c1C1=[N+]([O-])C(C)(C)C(C)(C)N1[O],CC1(C)N([O])C(c2ccccc2)=[N+]([O-])C1(C)C,-1544.41193,-1552.582632,8.170702413,3324.702413,2.281916131,3.608305493,
209,CCc1cccc(CC)c1C1=[N+]([O-])C(C)(C)C(C)(C)N1[O],CC1(C)N([O])C(c2ccccc2)=[N+]([O-])C1(C)C,-1716.667285,-1724.838901,8.171616011,3325.616011,2.2820276,3.817718984,
210,Cc1ccc(C2=[N+]([O-])C(C)(C)C(C)(C)N2[O])cc1,CC1(C)N([O])C(c2ccccc2)=[N+]([O-])C1(C)C,-1458.166088,-1466.340145,8.174057155,3328.057155,2.283309816,4.097872165,
211,C[n+]1ccc(O)c(-c2c[n+](C)ccc2O)c1,C[n+]1cccc(-c2ccc[n+](C)c2)c1,-1256.39269,-1264.984661,8.591971304,3745.971304,2.284318368,234.0896899,
212,CN(C)c1cc(-c2ccc[n+](C)c2)c[n+](C)c1,C[n+]1cccc(-c2ccc[n+](C)c2)c1,-1300.425806,-1309.019173,8.59336684,3747.36684,2.285117809,234.055288,
213,CC1(C)N([O])C(c2ccc(O)cc2)=[N+]([O-])C1(C)C,CC1(C)N([O])C(c2ccccc2)=[N+]([O-])C1(C)C,-1482.850952,-1491.026843,8.175891095,3329.891095,2.285259873,3.695155394,
214,CCc1ccc(C2=[N+]([O-])C(C)(C)C(C)(C)N2[O])cc1,CC1(C)N([O])C(c2ccccc2)=[N+]([O-])C1(C)C,-1544.302416,-1552.480076,8.177660599,3331.660599,2.285585545,3.321806501,
215,CN(C)c1ccc2c(c1)C(=O)c1ccccc1C2=O,O=C1c2ccccc2C(=O)c2ccccc21,-1414.110489,-1422.008188,7.897699516,3051.699516,2.288886122,23.57793028,
216,CCc1cccc(C2=[N+]([O-])C(C)(C)C(C)(C)N2[O])c1,CC1(C)N([O])C(c2ccccc2)=[N+]([O-])C1(C)C,-1544.297139,-1552.482164,8.185025746,3339.025746,2.289312186,4.145759945,
217,Cc1cccc(C2=[N+]([O-])C(C)(C)C(C)(C)N2[O])c1,CC1(C)N([O])C(c2ccccc2)=[N+]([O-])C1(C)C,-1458.156848,-1466.339588,8.182739795,3336.739795,2.289598975,3.77733588,
218,CN(C)c1cc2c(cc1N(C)C)C(=O)c1ccccc1C2=O,O=C1c2ccccc2C(=O)c2ccccc21,-1679.870738,-1687.774038,7.903299879,3057.299879,2.291709286,23.31052399,
219,CC1(C)N([O])C(c2cccc(O)c2)=[N+]([O-])C1(C)C,CC1(C)N([O])C(c2ccccc2)=[N+]([O-])C1(C)C,-1482.809536,-1491.000896,8.191359995,3345.359995,2.292801902,3.881344403,
220,CCc1ccccc1C1=[N+]([O-])C(C)(C)C(C)(C)N1[O],CC1(C)N([O])C(c2ccccc2)=[N+]([O-])C1(C)C,-1544.222705,-1552.412431,8.18972605,3343.72605,2.293407089,2.996733813,
221,COCCc1cc(C(=O)c2ccccc2)cc(CCOC)[n+]1C,CC[n+]1c(C)cc(C(=O)c2ccccc2)cc1C,-1842.563616,-1851.187136,8.623520099,3777.520099,2.293945122,1.793141078,
222,C[N+](C)(C)CCc1ccc2c(c1)-c1ccccc1C2=O,O=C1c2ccccc2-c2ccccc21,-1507.987869,-1515.743557,7.755687448,2909.687448,2.296362967,11.22132246,
223,COCCc1c[n+](C)ccc1C(=O)c1ccccc1,CC[n+]1c(C)cc(C(=O)c2ccccc2)cc1C,-1473.583008,-1482.216465,8.633457382,3787.457382,2.299173956,1.702127014,
224,COCCc1ccc(C2=[N+]([O-])C(C)(C)C(C)(C)N2[O])cc1,CC1(C)N([O])C(c2ccccc2)=[N+]([O-])C1(C)C,-1740.817969,-1749.021116,8.203146735,3357.146735,2.300598391,2.125623562,
225,COCCc1cc(CCOC)cc(C2=[N+]([O-])C(C)(C)C(C)(C)N2[O])c1,CC1(C)N([O])C(c2ccccc2)=[N+]([O-])C1(C)C,-2109.788125,-2117.991181,8.203055571,3357.055571,2.300807269,2.13574652,
226,Cc1cc[n+](C)cc1-c1c[n+](C)ccc1C,C[n+]1cccc(-c2ccc[n+](C)c2)c1,-1206.927749,-1215.555942,8.628192957,3782.192957,2.304011224,233.9324735,
227,C[N+](C)(C)CCc1ccc2c(c1)C(=O)c1ccccc1-2,O=C1c2ccccc2-c2ccccc21,-1507.981827,-1515.753033,7.771205665,2925.205665,2.304256062,11.99488754,
228,C[n+]1cccc(-c2ccc[n+](C)c2N)c1,C[n+]1cccc(-c2ccc[n+](C)c2)c1,-1128.078271,-1136.713189,8.63491784,3788.91784,2.307642322,233.9140124,
229,C[n+]1cccc(-c2cc(N)c[n+](C)c2)c1,C[n+]1cccc(-c2ccc[n+](C)c2)c1,-1128.072576,-1136.709757,8.637181188,3791.181188,2.308308155,233.9734453,
230,COc1cccc(C2=[N+]([O-])C(C)(C)C(C)(C)N2[O])c1,CC1(C)N([O])C(c2ccccc2)=[N+]([O-])C1(C)C,-1568.762981,-1576.981778,8.21879743,3372.79743,2.308971473,3.83332437,
231,CCc1cc(C(=O)c2ccccc2)cc(CC)[n+]1C,CC[n+]1c(C)cc(C(=O)c2ccccc2)cc1C,-1449.420409,-1458.072574,8.652165001,3806.165001,2.309228641,2.363990833,
232,COCc1c[n+](C)cc(COC)c1C(=O)c1ccccc1,CC[n+]1c(C)cc(C(=O)c2ccccc2)cc1C,-1670.093892,-1678.749373,8.655480552,3809.480552,2.310954532,2.791121413,
233,CC1(C)N([O])C(c2cc(O)cc(O)c2)=[N+]([O-])C1(C)C,CC1(C)N([O])C(c2ccccc2)=[N+]([O-])C1(C)C,-1593.816606,-1602.039305,8.22269923,3376.69923,2.311394344,1.793133874,
234,C[N+](C)(C)CCc1ccc(CC[N+](C)(C)C)c2nsnc12,c1ccc2nsnc2c1,-1710.393397,-1718.416677,8.023279522,3177.279522,2.311897725,32.48799139,
235,Cc1ccc(-c2ccc(C)[n+](C)c2)c[n+]1C,C[n+]1cccc(-c2ccc[n+](C)c2)c1,-1206.990356,-1215.632962,8.642606549,3796.606549,2.312056919,233.8684851,
236,CCc1c[n+](C)ccc1C(=O)c1ccccc1,CC[n+]1c(C)cc(C(=O)c2ccccc2)cc1C,-1276.995003,-1285.653835,8.658831871,3812.831871,2.312233356,2.388243524,
237,Cc1c(-c2ccc[n+](C)c2C)ccc[n+]1C,C[n+]1cccc(-c2ccc[n+](C)c2)c1,-1206.85114,-1215.496561,8.645421008,3799.421008,2.313065382,233.883615,
238,O=C1c2ccc(S)cc2-c2cc(S)ccc21,O=C1c2ccccc2-c2ccccc21,-1156.185329,-1163.974853,7.789524132,2943.524132,2.314846645,13.12649025,
239,COCc1ccc(C2=[N+]([O-])C(C)(C)C(C)(C)N2[O])cc1,CC1(C)N([O])C(c2ccccc2)=[N+]([O-])C1(C)C,-1654.637995,-1662.867474,8.22947864,3383.47864,2.315688883,1.937627149,
240,CN(C)c1c(-c2ccc[n+](C)c2)ccc[n+]1C,C[n+]1cccc(-c2ccc[n+](C)c2)c1,-1300.073227,-1308.726437,8.653210915,3807.210915,2.317551007,233.8251105,
241,Cc1c[n+](C)ccc1C(=O)c1ccccc1,CC[n+]1c(C)cc(C(=O)c2ccccc2)cc1C,-1190.862874,-1199.534164,8.671289992,3825.289992,2.319206267,3.446136069,
242,CC1(C)N([O])C(c2ccccc2N)=[N+]([O-])C1(C)C,CC1(C)N([O])C(c2ccccc2)=[N+]([O-])C1(C)C,-1465.533699,-1473.771683,8.237983429,3391.983429,2.320835737,1.874667406,
243,COCc1cccc(C2=[N+]([O-])C(C)(C)C(C)(C)N2[O])c1,CC1(C)N([O])C(c2ccccc2)=[N+]([O-])C1(C)C,-1654.642859,-1662.88268,8.239820921,3393.820921,2.321243571,3.041483982,
244,COCCc1cccc(C2=[N+]([O-])C(C)(C)C(C)(C)N2[O])c1,CC1(C)N([O])C(c2ccccc2)=[N+]([O-])C1(C)C,-1740.802624,-1749.043478,8.240854184,3394.854184,2.322775388,2.187932814,
245,CCc1cc[n+](C)cc1-c1c[n+](C)ccc1CC,C[n+]1cccc(-c2ccc[n+](C)c2)c1,-1379.12725,-1387.795489,8.668239476,3822.239476,2.32571464,233.8155797,
246,COc1c[n+](C)ccc1C(=O)c1ccccc1,CC[n+]1c(C)cc(C(=O)c2ccccc2)cc1C,-1301.395378,-1310.081901,8.686522901,3840.522901,2.327567023,5.002891012,
247,COCCc1ccc(-c2ccc(CCOC)[n+](C)c2)c[n+]1C,C[n+]1cccc(-c2ccc[n+](C)c2)c1,-1772.293275,-1780.972646,8.679370701,3833.370701,2.331122262,233.7971311,
248,C[N+](C)(C)CCc1cccc2c1-c1ccccc1C2=O,O=C1c2ccccc2-c2ccccc21,-1507.891158,-1515.712513,7.821354507,2975.354507,2.33274615,15.09517773,
249,O=C1c2cccc(S)c2-c2c(S)cccc21,O=C1c2ccccc2-c2ccccc21,-1155.826975,-1163.650737,7.823761369,2977.761369,2.334829047,15.21279956,
250,COc1cc(OC)cc(C2=[N+]([O-])C(C)(C)C(C)(C)N2[O])c1,CC1(C)N([O])C(c2ccccc2)=[N+]([O-])C1(C)C,-1765.677531,-1773.939694,8.262163374,3416.163374,2.334850066,3.256849588,
251,Cc1cc(C(=O)c2ccccc2)cc[n+]1C,CC[n+]1c(C)cc(C(=O)c2ccccc2)cc1C,-1190.924128,-1199.634968,8.710839865,3864.839865,2.339989211,6.389753592,
252,CCc1ccc(CC)c2c1C(=O)c1ccccc1C2=O,O=C1c2ccccc2C(=O)c2ccccc21,-1492.646627,-1500.631925,7.985298044,3139.298044,2.34010132,18.1979541,
253,COCCc1c(-c2ccc[n+](C)c2CCOC)ccc[n+]1C,C[n+]1cccc(-c2ccc[n+](C)c2)c1,-1771.973973,-1780.670782,8.69680912,3850.80912,2.340545687,233.7719244,
254,COCCc1cc(C(=O)c2ccccc2)cc[n+]1C,CC[n+]1c(C)cc(C(=O)c2ccccc2)cc1C,-1473.56467,-1482.276503,8.711832405,3865.832405,2.340959645,6.479879402,
255,Nc1ccc2c(c1)C(=O)c1ccccc1C2=O,O=C1c2ccccc2C(=O)c2ccccc21,-1241.773775,-1249.763854,7.990079266,3144.079266,2.342368382,17.96581841,
256,COc1cc(C(=O)c2ccccc2)cc[n+]1C,CC[n+]1c(C)cc(C(=O)c2ccccc2)cc1C,-1301.543722,-1310.259592,8.715869173,3869.869173,2.342941291,6.836200909,
257,C[n+]1ccc(C(=O)c2ccccc2)cc1O,CC[n+]1c(C)cc(C(=O)c2ccccc2)cc1C,-1215.621747,-1224.340225,8.718477686,3872.477686,2.344622569,7.183592821,
258,COCc1cc(COC)cc(C2=[N+]([O-])C(C)(C)C(C)(C)N2[O])c1,CC1(C)N([O])C(c2ccccc2)=[N+]([O-])C1(C)C,-1937.443769,-1945.728419,8.284649535,3438.649535,2.346795895,5.449698898,
259,COc1ccc(-c2ccc[n+](C)c2)c[n+]1C,C[n+]1cccc(-c2ccc[n+](C)c2)c1,-1231.154719,-1239.867264,8.712544568,3866.544568,2.348865343,233.7592281,
260,COc1cc[n+](C)cc1-c1ccc[n+](C)c1,C[n+]1cccc(-c2ccc[n+](C)c2)c1,-1231.209337,-1239.922562,8.713225008,3867.225008,2.349078164,233.7844539,
261,C[n+]1cccc(-c2ccc(O)[n+](C)c2)c1,C[n+]1cccc(-c2ccc[n+](C)c2)c1,-1145.222821,-1153.93467,8.711849214,3865.849214,2.349133972,233.6798709,
262,CC1(C)N([O])C(c2ccc(S)cc2)=[N+]([O-])C1(C)C,CC1(C)N([O])C(c2ccccc2)=[N+]([O-])C1(C)C,-1460.392399,-1468.680757,8.288358041,3442.358041,2.349505961,5.088188791,
263,CCc1cccc2c1C(=O)c1c(CC)cccc1C2=O,O=C1c2ccccc2C(=O)c2ccccc21,-1492.675524,-1500.67398,7.998456561,3152.456561,2.350740655,17.08989868,
264,COCCc1ccc(CCOC)c2c1C(=O)c1ccccc1C2=O,O=C1c2ccccc2C(=O)c2ccccc21,-1885.760536,-1893.767171,8.006635586,3160.635586,2.35225592,16.89478396,
265,CCc1ccc(-c2ccc(CC)[n+](C)c2)c[n+]1C,C[n+]1cccc(-c2ccc[n+](C)c2)c1,-1379.071763,-1387.792515,8.720752057,3874.752057,2.353230117,233.7445436,
266,COc1c(-c2ccc[n+](C)c2OC)ccc[n+]1C,C[n+]1cccc(-c2ccc[n+](C)c2)c1,-1427.742684,-1436.464866,8.722182294,3876.182294,2.353968218,233.7556908,
267,Nc1cccc2c1C(=O)c1ccccc1C2=O,O=C1c2ccccc2C(=O)c2ccccc21,-1241.817966,-1249.82909,8.011124301,3165.124301,2.355071821,16.57298685,
268,Cc1ccc(C)c2c1C(=O)c1ccccc1C2=O,O=C1c2ccccc2C(=O)c2ccccc21,-1320.424863,-1328.439977,8.015114249,3169.114249,2.357635075,16.3075799,
269,CCc1c(-c2ccc[n+](C)c2CC)ccc[n+]1C,C[n+]1cccc(-c2ccc[n+](C)c2)c1,-1378.888164,-1387.616785,8.728620995,3882.620995,2.357814392,233.6878351,
270,CCc1cc(C(=O)c2ccccc2)cc[n+]1C,CC[n+]1c(C)cc(C(=O)c2ccccc2)cc1C,-1276.974091,-1285.720101,8.746009842,3900.009842,2.359320256,9.61229027,
271,Cc1cccc2c1C(=O)c1c(C)cccc1C2=O,O=C1c2ccccc2C(=O)c2ccccc21,-1320.443862,-1328.464506,8.020644058,3174.644058,2.360840343,15.94101923,
272,COc1cccc2c1C(=O)c1c(OC)cccc1C2=O,O=C1c2ccccc2C(=O)c2ccccc21,-1541.563234,-1549.585588,8.022353836,3176.353836,2.360989582,15.97820184,
273,COc1ccc(OC)c2c1C(=O)c1ccccc1C2=O,O=C1c2ccccc2C(=O)c2ccccc21,-1541.507976,-1549.534188,8.02621255,3180.21255,2.362818792,15.81282815,
274,CC1(C)N([O])C(c2c(N)cccc2N)=[N+]([O-])C1(C)C,CC1(C)N([O])C(c2ccccc2)=[N+]([O-])C1(C)C,-1559.177515,-1567.489985,8.312469772,3466.469772,2.363527728,6.573922363,
275,O=C1c2cc(S)ccc2-c2ccc(S)cc21,O=C1c2ccccc2-c2ccccc21,-1156.132949,-1164.006215,7.873266161,3027.266161,2.364045782,18.23257438,
276,C[N+](C)(C)CCc1ccc2c(c1)C(=O)c1cc(CC[N+](C)(C)C)ccc1-2,O=C1c2ccccc2-c2ccccc21,-2036.943866,-2044.81877,7.87490395,3028.90395,2.364125857,18.3100578,
277,COCCc1cccc2c1C(=O)c1c(CCOC)cccc1C2=O,O=C1c2ccccc2C(=O)c2ccccc21,-1885.727366,-1893.764012,8.036646169,3190.646169,2.369901896,14.96388575,
278,O=C1c2ccccc2-c2cccc(S)c21,O=C1c2ccccc2-c2ccccc21,-1067.742786,-1075.629937,7.887150954,3041.150954,2.371659543,19.05380815,
279,CC1(C)N([O])C(c2ccc(CC[N+](C)(C)C)cc2)=[N+]([O-])C1(C)C,CC1(C)N([O])C(c2ccccc2)=[N+]([O-])C1(C)C,-1900.783734,-1909.115504,8.331770023,3485.770023,2.374542082,7.985236449,
280,COCCc1cc(-c2cc(CCOC)c[n+](C)c2)c[n+](C)c1,C[n+]1cccc(-c2ccc[n+](C)c2)c1,-1772.147178,-1780.91504,8.76786197,3921.86197,2.378687538,233.6278622,
281,CC1(C)N([O])C(c2cccc(S)c2)=[N+]([O-])C1(C)C,CC1(C)N([O])C(c2ccccc2)=[N+]([O-])C1(C)C,-1460.37722,-1468.717799,8.340579506,3494.579506,2.378866154,8.748934754,
282,C[n+]1cc(O)c(C(=O)c2ccccc2)c(O)c1,CC[n+]1c(C)cc(C(=O)c2ccccc2)cc1C,-1326.534569,-1335.324215,8.789645551,3943.645551,2.382656349,13.4781899,
283,COCCc1cc[n+](C)cc1-c1ccc[n+](C)c1,C[n+]1cccc(-c2ccc[n+](C)c2)c1,-1403.161259,-1411.9384,8.777140573,3931.140573,2.383395015,233.6616745,
284,Cc1cc[n+](C)cc1-c1ccc[n+](C)c1,C[n+]1cccc(-c2ccc[n+](C)c2)c1,-1120.463997,-1129.242503,8.778506267,3932.506267,2.384252302,233.6438469,
285,CCc1c(-c2ccc[n+](C)c2)ccc[n+]1C,C[n+]1cccc(-c2ccc[n+](C)c2)c1,-1206.435185,-1215.214587,8.779402109,3933.402109,2.384595774,233.647361,
286,COCc1c[n+](C)ccc1C(=O)c1ccccc1,CC[n+]1c(C)cc(C(=O)c2ccccc2)cc1C,-1387.29085,-1396.085439,8.794588668,3948.588668,2.38463675,13.75622829,
287,Cc1c(-c2ccc[n+](C)c2)ccc[n+]1C,C[n+]1cccc(-c2ccc[n+](C)c2)c1,-1120.418631,-1129.199033,8.780401882,3934.401882,2.385068506,233.6614204,
288,C[N+](C)(C)Cc1ccc2c(c1)C(=O)c1ccccc1-2,O=C1c2ccccc2-c2ccccc21,-1421.843219,-1429.751932,7.90871316,3062.71316,2.38527694,20.50051944,
289,COCCc1c(-c2ccc[n+](C)c2)ccc[n+]1C,C[n+]1cccc(-c2ccc[n+](C)c2)c1,-1403.00948,-1411.793518,8.784037335,3938.037335,2.386967611,233.663256,
290,C[N+](C)(C)CCc1cccc2c1C(=O)c1ccccc1-2,O=C1c2ccccc2-c2ccccc21,-1508.089388,-1516.002527,7.913139537,3067.139537,2.387023429,20.64800071,
291,COCCc1cc(-c2ccc[n+](C)c2)c[n+](C)c1,C[n+]1cccc(-c2ccc[n+](C)c2)c1,-1403.150155,-1411.9361,8.785944273,3939.944273,2.388347294,233.636465,
292,C[N+](C)(C)CCc1ccc2c(c1)-c1cc(CC[N+](C)(C)C)ccc1C2=O,O=C1c2ccccc2-c2ccccc21,-2036.91769,-2044.836433,7.918743022,3072.743022,2.389593696,20.97759151,
293,C[N+](C)(C)Cc1ccc2c(c1)-c1ccccc1C2=O,O=C1c2ccccc2-c2ccccc21,-1421.836374,-1429.756351,7.919977087,3073.977087,2.390907513,21.06467153,
294,CCc1cc(-c2cc(CC)c[n+](C)c2)c[n+](C)c1,C[n+]1cccc(-c2ccc[n+](C)c2)c1,-1379.129045,-1387.920848,8.791802684,3945.802684,2.39138407,233.6408062,
295,CCc1cc[n+](C)cc1-c1ccc[n+](C)c1,C[n+]1cccc(-c2ccc[n+](C)c2)c1,-1206.547457,-1215.345721,8.798264455,3952.264455,2.394429654,233.6643718,
296,COCCc1cc[n+](C)cc1-c1c[n+](C)ccc1CCOC,C[n+]1cccc(-c2ccc[n+](C)c2)c1,-1771.986681,-1780.786748,8.80006619,3954.06619,2.395380381,233.6425111,
297,C[n+]1ccc(S)c(-c2c[n+](C)ccc2S)c1,C[n+]1cccc(-c2ccc[n+](C)c2)c1,-1211.187899,-1219.994661,8.806762373,3960.762373,2.398152428,233.6973889,
298,COCCc1ccc(-c2ccc[n+](C)c2)c[n+]1C,C[n+]1cccc(-c2ccc[n+](C)c2)c1,-1403.157542,-1411.97618,8.818638542,3972.638542,2.404901466,233.6729944,
299,C[n+]1cccc(-c2c[n+](C)ccc2O)c1,C[n+]1cccc(-c2ccc[n+](C)c2)c1,-1145.164586,-1153.98401,8.819423894,3973.423894,2.405456901,233.6820832,
300,COc1c(-c2ccc[n+](C)c2)ccc[n+]1C,C[n+]1cccc(-c2ccc[n+](C)c2)c1,-1230.866681,-1239.686403,8.819721588,3973.721588,2.405836243,233.6433381,
301,CCc1ccc(-c2ccc[n+](C)c2)c[n+]1C,C[n+]1cccc(-c2ccc[n+](C)c2)c1,-1206.547238,-1215.369141,8.821902497,3975.902497,2.406088548,233.7128532,
302,CC1(C)N([O])C(c2ccc(C[N+](C)(C)C)cc2)=[N+]([O-])C1(C)C,CC1(C)N([O])C(c2ccccc2)=[N+]([O-])C1(C)C,-1814.60815,-1822.99634,8.388189157,3542.189157,2.406755395,11.91034083,
303,CN(C)c1c[n+](C)ccc1-c1cc[n+](C)cc1N(C)C,C[n+]1ccc(-c2cc[n+](C)cc2)cc1,-1566.546179,-1575.263647,8.717467752,3871.467752,2.411010448,96.98831938,
304,Cc1ccc2c(c1)C(=O)c1cc(C)ccc1C2=O,O=C1c2ccccc2C(=O)c2ccccc21,-1320.68336,-1328.796747,8.113387758,3267.387758,2.413689452,10.23620544,
305,Cc1cc2c(cc1C)C(=O)c1ccccc1C2=O,O=C1c2ccccc2C(=O)c2ccccc21,-1320.668181,-1328.78116,8.112978981,3266.978981,2.41640844,9.83450268,
306,CCc1ccc2c(c1)C(=O)c1cc(CC)ccc1C2=O,O=C1c2ccccc2C(=O)c2ccccc21,-1492.952324,-1501.069739,8.117415708,3271.415708,2.416982366,9.786404891,
307,C[N+](C)(C)Cc1cccc2c1-c1ccccc1C2=O,O=C1c2ccccc2-c2ccccc21,-1421.694231,-1429.662807,7.968575562,3122.575562,2.41886057,24.06282494,
308,CCc1cc2c(cc1CC)C(=O)c1ccccc1C2=O,O=C1c2ccccc2C(=O)c2ccccc21,-1492.875584,-1500.998385,8.122801162,3276.801162,2.419822725,9.4964183,
309,C[n+]1cccc(-c2ccc[n+](C)c2O)c1O,C[n+]1cccc(-c2ccc[n+](C)c2)c1,-1256.072041,-1264.920453,8.848412049,4002.412049,2.420528197,233.7045244,
310,C[n+]1ccc(-c2cc[n+](C)cc2N)c(N)c1,C[n+]1ccc(-c2cc[n+](C)cc2)cc1,-1222.038307,-1230.774785,8.736477812,3890.477812,2.421187354,95.52895053,
311,C[N+](C)(C)Cc1cc2nsnc2cc1C[N+](C)(C)C,c1ccc2nsnc2c1,-1537.514468,-1545.735267,8.220798883,3374.798883,2.425195218,44.86583863,
312,CCc1cc(-c2ccc[n+](C)c2)c[n+](C)c1,C[n+]1cccc(-c2ccc[n+](C)c2)c1,-1206.571253,-1215.432057,8.860803657,4014.803657,2.426937167,233.7208167,
313,CN(C)c1cc[n+](C)c2c1ccc1c(N(C)C)cc[n+](C)c12,C[n+]1cccc2ccc3ccc[n+](C)c3c21,-1683.439781,-1692.098365,8.65858373,3812.58373,2.428725794,258.9817111,
314,COCCc1cc2c(cc1CCOC)C(=O)c1ccccc1C2=O,O=C1c2ccccc2C(=O)c2ccccc21,-1885.923932,-1894.061613,8.13768032,3291.68032,2.429046751,8.428546095,
315,C[n+]1cccc(-c2c[n+](C)ccc2S)c1,C[n+]1cccc(-c2ccc[n+](C)c2)c1,-1122.590788,-1131.458175,8.867387573,4021.387573,2.430531996,233.7544464,
316,COc1cccc2c1C(=O)c1ccccc1C2=O,O=C1c2ccccc2C(=O)c2ccccc21,-1344.766514,-1352.907958,8.141443825,3295.443825,2.430544914,8.318121877,
317,COCc1cc(C(=O)c2ccccc2)cc[n+]1C,CC[n+]1c(C)cc(C(=O)c2ccccc2)cc1C,-1387.214963,-1396.100315,8.885351631,4039.351631,2.432537202,22.45169802,
318,C[n+]1ccc(C(=O)c2ccccc2)cc1S,CC[n+]1c(C)cc(C(=O)c2ccccc2)cc1C,-1192.923947,-1201.813632,8.889684606,4043.684606,2.433679617,22.31320829,
319,Cc1cccc2c1C(=O)c1ccccc1C2=O,O=C1c2ccccc2C(=O)c2ccccc21,-1234.198483,-1242.348013,8.149530085,3303.530085,2.435731714,7.678478512,
320,O=C1c2ccc(O)cc2C(=O)c2cc(O)ccc21,O=C1c2ccccc2C(=O)c2ccccc21,-1370.035561,-1378.184285,8.14872401,3302.72401,2.43604313,7.610963238,
321,Cc1cc(-c2cc(C)c[n+](C)c2)c[n+](C)c1,C[n+]1cccc(-c2ccc[n+](C)c2)c1,-1206.774174,-1215.654754,8.88057945,4034.57945,2.437044184,233.7951542,
322,CCc1cccc2c1C(=O)c1ccccc1C2=O,O=C1c2ccccc2C(=O)c2ccccc21,-1320.294944,-1328.446332,8.151387764,3305.387764,2.43748919,7.477064981,
323,Cc1ccc(-c2ccc[n+](C)c2)c[n+]1C,C[n+]1cccc(-c2ccc[n+](C)c2)c1,-1120.400337,-1129.283901,8.883563815,4037.563815,2.438434024,233.8055569,
324,CC1(C)N([O])C(c2cccc(C[N+](C)(C)C)c2)=[N+]([O-])C1(C)C,CC1(C)N([O])C(c2ccccc2)=[N+]([O-])C1(C)C,-1814.684645,-1823.1315,8.446854886,3600.854886,2.439584671,16.09096219,
325,COCCc1ccc2c(c1)C(=O)c1cc(CCOC)ccc1C2=O,O=C1c2ccccc2C(=O)c2ccccc21,-1885.954611,-1894.109689,8.155077554,3309.077554,2.439636627,7.199209957,
326,COc1cc2c(cc1OC)C(=O)c1ccccc1C2=O,O=C1c2ccccc2C(=O)c2ccccc21,-1541.773993,-1549.934304,8.160310313,3314.310313,2.442080654,7.007992266,
327,CC1(C)N([O])C(c2cc(S)cc(S)c2)=[N+]([O-])C1(C)C,CC1(C)N([O])C(c2ccccc2)=[N+]([O-])C1(C)C,-1548.919293,-1557.373063,8.453769505,3607.769505,2.443108749,16.9530578,
328,COCCc1cccc2c1C(=O)c1ccccc1C2=O,O=C1c2ccccc2C(=O)c2ccccc21,-1516.854114,-1525.017027,8.16291298,3316.91298,2.443642699,6.804776969,
329,C[n+]1ccc(-c2cc[n+](C)c(N)c2)cc1N,C[n+]1ccc(-c2cc[n+](C)cc2)cc1,-1222.335326,-1231.114243,8.778917118,3932.917118,2.443742839,91.90172881,
330,CC1(C)N([O])C(c2cccc(CC[N+](C)(C)C)c2)=[N+]([O-])C1(C)C,CC1(C)N([O])C(c2ccccc2)=[N+]([O-])C1(C)C,-1900.861737,-1909.316626,8.454889304,3608.889304,2.444236162,16.73219153,
331,COc1ccc2c(c1)C(=O)c1cc(OC)ccc1C2=O,O=C1c2ccccc2C(=O)c2ccccc21,-1541.926395,-1550.088992,8.162596565,3316.596565,2.444834554,6.688788739,
332,C[n+]1cccc(-c2ccc(S)[n+](C)c2)c1,C[n+]1cccc(-c2ccc[n+](C)c2)c1,-1122.506441,-1131.405217,8.898776063,4052.776063,2.446048192,233.8778007,
333,C[n+]1cccc(-c2ccc[n+](C)c2O)c1,C[n+]1cccc(-c2ccc[n+](C)c2)c1,-1145.032144,-1153.929986,8.897841964,4051.841964,2.446202674,233.8475359,
334,O=C1c2ccccc2C(=O)c2cc(O)c(O)cc21,O=C1c2ccccc2C(=O)c2ccccc21,-1369.984784,-1378.15101,8.166225428,3320.225428,2.446703462,6.405612195,
335,COCc1cc(C(=O)c2ccccc2)cc(COC)[n+]1C,CC[n+]1c(C)cc(C(=O)c2ccccc2)cc1C,-1669.951303,-1678.873922,8.922619227,4076.619227,2.451722006,26.07229535,
336,C[n+]1cccc(-c2ccc[n+](C)c2S)c1S,C[n+]1cccc(-c2ccc[n+](C)c2)c1,-1210.603423,-1219.513978,8.910554789,4064.554789,2.452417882,233.8784833,
337,C[n+]1ccc(C(=O)c2ccccc2)c(O)c1,CC[n+]1c(C)cc(C(=O)c2ccccc2)cc1C,-1215.597084,-1224.532667,8.935583486,4089.583486,2.456444606,26.60291254,
338,Cc1ccc2c(c1)C(=O)c1ccccc1C2=O,O=C1c2ccccc2C(=O)c2ccccc21,-1234.315923,-1242.499225,8.183301886,3337.301886,2.456568533,5.285289661,
339,CCc1ccc2c(c1)C(=O)c1ccccc1C2=O,O=C1c2ccccc2C(=O)c2ccccc21,-1320.448936,-1328.63666,8.187724303,3341.724303,2.457490413,5.363802203,
340,COCc1cc[n+](C)cc1-c1c[n+](C)ccc1COC,C[n+]1cccc(-c2ccc[n+](C)c2)c1,-1599.688711,-1608.610427,8.921716785,4075.716785,2.457573666,233.9563957,
341,COCc1c(-c2ccc[n+](C)c2)ccc[n+]1C,C[n+]1cccc(-c2ccc[n+](C)c2)c1,-1316.65664,-1325.580223,8.92358374,4077.58374,2.458761681,233.9546321,
342,C[n+]1c(S)cc(C(=O)c2ccccc2)cc1S,CC[n+]1c(C)cc(C(=O)c2ccccc2)cc1C,-1281.322249,-1290.262479,8.94023062,4094.23062,2.459057919,27.15538318,
343,COCc1cc[n+](C)cc1-c1ccc[n+](C)c1,C[n+]1cccc(-c2ccc[n+](C)c2)c1,-1316.854724,-1325.784244,8.929519696,4083.519696,2.461784583,234.0021467,
344,C[n+]1cc(-c2ccc(S)[n+](C)c2)ccc1S,C[n+]1cccc(-c2ccc[n+](C)c2)c1,-1210.900968,-1219.831142,8.930174114,4084.174114,2.462097007,234.0007774,
345,C[n+]1cc(O)cc(-c2cc(O)c[n+](C)c2)c1,C[n+]1cccc(-c2ccc[n+](C)c2)c1,-1255.967206,-1264.900878,8.933671741,4087.671741,2.463982299,234.0066576,
346,COc1cc(-c2cc(OC)c[n+](C)c2)c[n+](C)c1,C[n+]1cccc(-c2ccc[n+](C)c2)c1,-1427.8085,-1436.757557,8.949057026,4103.057026,2.469434665,234.2682194,
347,COc1ccc2c(c1)C(=O)c1ccccc1C2=O,O=C1c2ccccc2C(=O)c2ccccc21,-1344.940565,-1353.147012,8.206446804,3360.446804,2.469474467,3.900657907,
348,COCc1cccc2c1C(=O)c1c(COC)cccc1C2=O,O=C1c2ccccc2C(=O)c2ccccc21,-1713.401939,-1721.611763,8.209824237,3363.824237,2.469734052,4.137802441,
349,COCc1ccc(COC)c2c1C(=O)c1ccccc1C2=O,O=C1c2ccccc2C(=O)c2ccccc21,-1713.391338,-1721.601841,8.210503576,3364.503576,2.470531198,3.943293137,
350,C[N+](C)(C)Cc1cccc2c1C(=O)c1ccccc1-2,O=C1c2ccccc2-c2ccccc21,-1421.912256,-1429.969138,8.056882685,3210.882685,2.471662434,29.56717651,
351,O=C1c2ccccc2C(=O)c2cc(O)ccc21,O=C1c2ccccc2C(=O)c2ccccc21,-1259.000829,-1267.213852,8.21302251,3367.02251,2.472667655,3.583360592,
352,COCc1cc(-c2ccc[n+](C)c2)c[n+](C)c1,C[n+]1cccc(-c2ccc[n+](C)c2)c1,-1316.802742,-1325.754081,8.951339058,4105.339058,2.472838348,234.1112925,
353,C[n+]1cccc(-c2ccc[n+](C)c2S)c1,C[n+]1cccc(-c2ccc[n+](C)c2)c1,-1122.284019,-1131.236239,8.95221927,4106.21927,2.473533285,234.1073352,
354,COCc1cc(-c2cc(COC)c[n+](C)c2)c[n+](C)c1,C[n+]1cccc(-c2ccc[n+](C)c2)c1,-1599.591019,-1608.546896,8.955877033,4109.877033,2.474948384,234.119166,
355,C[N+](C)(C)Cc1ccc(C[N+](C)(C)C)c2nsnc12,c1ccc2nsnc2c1,-1538.01292,-1546.322211,8.309290767,3463.290767,2.475662866,50.55045779,
356,COCc1c(-c2ccc[n+](C)c2COC)ccc[n+]1C,C[n+]1cccc(-c2ccc[n+](C)c2)c1,-1599.327259,-1608.28446,8.957201874,4111.201874,2.476231318,234.1008628,
357,Cc1cc(-c2ccc[n+](C)c2)c[n+](C)c1,C[n+]1cccc(-c2ccc[n+](C)c2)c1,-1120.338849,-1129.301048,8.962198761,4116.198761,2.478319929,234.1490221,
358,CC1(C)N([O])C(c2cc(CC[N+](C)(C)C)cc(CC[N+](C)(C)C)c2)=[N+]([O-])C1(C)C,CC1(C)N([O])C(c2ccccc2)=[N+]([O-])C1(C)C,-2429.829353,-2438.347873,8.518519606,3672.519606,2.47960679,21.53725541,
359,C[n+]1ccc(N)c2ccc3c(N)cc[n+](C)c3c21,C[n+]1cccc2ccc3ccc[n+](C)c3c21,-1338.920373,-1347.679076,8.758702705,3912.702705,2.48192391,259.4317055,
360,CN(C)c1cc(-c2cc[n+](C)c(N(C)C)c2)cc[n+]1C,C[n+]1ccc(-c2cc[n+](C)cc2)cc1,-1566.576835,-1575.432924,8.856088772,4010.088772,2.483743175,85.18388574,
361,COCc1ccc(-c2ccc[n+](C)c2)c[n+]1C,C[n+]1cccc(-c2ccc[n+](C)c2)c1,-1316.767942,-1325.743481,8.975539339,4129.539339,2.484953698,234.2389988,
362,COCCc1ccc2c(c1)C(=O)c1ccccc1C2=O,O=C1c2ccccc2C(=O)c2ccccc21,-1516.951818,-1525.189957,8.238138867,3392.138867,2.485707222,2.838872682,
363,COCc1cccc2c1C(=O)c1ccccc1C2=O,O=C1c2ccccc2C(=O)c2ccccc21,-1430.679816,-1438.919648,8.23983141,3393.83141,2.488604418,1.946837812,
364,C[N+](C)(C)CCc1cccc2c1-c1c(CC[N+](C)(C)C)cccc1C2=O,O=C1c2ccccc2-c2ccccc21,-2036.431829,-2044.521931,8.090101792,3244.101792,2.489740283,31.55143692,
365,COCc1ccc(-c2ccc(COC)[n+](C)c2)c[n+]1C,C[n+]1cccc(-c2ccc[n+](C)c2)c1,-1599.521311,-1608.515477,8.994165839,4148.165839,2.493605788,234.3898337,
366,O=C1c2c(S)cccc2-c2cccc(S)c21,O=C1c2ccccc2-c2ccccc21,-1156.423582,-1164.523589,8.100006982,3254.006982,2.495471687,32.20238614,
367,COc1cc(-c2ccc[n+](C)c2)c[n+](C)c1,C[n+]1cccc(-c2ccc[n+](C)c2)c1,-1230.853344,-1239.850179,8.996835121,4150.835121,2.496174573,234.3941879,
368,C[n+]1cccc(-c2cc(O)c[n+](C)c2)c1,C[n+]1cccc(-c2ccc[n+](C)c2)c1,-1144.923605,-1153.92429,9.000684556,4154.684556,2.497295725,234.4118948,
369,CC1(C)N([O])C(c2ccccc2CC[N+](C)(C)C)=[N+]([O-])C1(C)C,CC1(C)N([O])C(c2ccccc2)=[N+]([O-])C1(C)C,-1900.788057,-1909.344161,8.556103996,3710.103996,2.499645481,24.66436587,
370,O=C1c2ccccc2C(=O)c2c(O)ccc(O)c21,O=C1c2ccccc2C(=O)c2ccccc21,-1369.964225,-1378.230928,8.266703093,3420.703093,2.504378491,1.452440625,
371,CN(C)c1cc(-c2cc[n+](C)cc2)cc(N(C)C)[n+]1C,C[n+]1ccc(-c2cc[n+](C)cc2)cc1,-1566.563624,-1575.461525,8.897901019,4051.901019,2.505303565,81.3909368,
372,COCc1ccc2c(c1)C(=O)c1ccccc1C2=O,O=C1c2ccccc2C(=O)c2ccccc21,-1430.758974,-1439.041905,8.282931056,3436.931056,2.512571873,2.296878627,
373,COCCc1c[n+](C)cc(CCOC)c1-c1cc[n+](C)cc1,C[n+]1ccc(-c2cc[n+](C)cc2)cc1,-1772.249519,-1781.166161,8.91664189,4070.64189,2.514758859,79.61531429,
374,C[n+]1ccc(-c2cc(N)[n+](C)c(N)c2)cc1,C[n+]1ccc(-c2cc[n+](C)cc2)cc1,-1222.120505,-1231.04071,8.920204749,4074.204749,2.516783332,79.35472127,
375,CN(C)c1cc2ccc3cc(N(C)C)c[n+](C)c3c2[n+](C)c1,C[n+]1cccc2ccc3ccc[n+](C)c3c21,-1683.224715,-1692.064909,8.840194005,3994.194005,2.524675956,260.0101804,
376,CN(C)c1c[n+](C)cc(N(C)C)c1-c1cc[n+](C)cc1,C[n+]1ccc(-c2cc[n+](C)cc2)cc1,-1566.218442,-1575.158726,8.94028414,4094.28414,2.52640052,77.48815365,
377,C[n+]1ccc(C(=O)c2ccccc2)cc1CC[N+](C)(C)C,CC[n+]1c(C)cc(C(=O)c2ccccc2)cc1C,-1633.029731,-1642.105768,9.076037176,4230.037176,2.527089213,41.06554606,
378,C[n+]1ccc(C(=O)c2ccccc2)c(S)c1,CC[n+]1c(C)cc(C(=O)c2ccccc2)cc1C,-1192.957565,-1202.035985,9.078420409,4232.420409,2.527611952,41.41183163,
379,COCc1ccc2c(c1)C(=O)c1cc(COC)ccc1C2=O,O=C1c2ccccc2C(=O)c2ccccc21,-1713.57397,-1721.884582,8.31061251,3464.61251,2.529104931,3.858187119,
380,CC1(C)N([O])C(c2cc(C[N+](C)(C)C)cc(C[N+](C)(C)C)c2)=[N+]([O-])C1(C)C,CC1(C)N([O])C(c2ccccc2)=[N+]([O-])C1(C)C,-2257.434603,-2266.058971,8.624367832,3778.367832,2.537071947,29.99319391,
381,COCc1cc2c(cc1COC)C(=O)c1ccccc1C2=O,O=C1c2ccccc2C(=O)c2ccccc21,-1713.540063,-1721.87093,8.330866977,3484.866977,2.538906595,5.311932641,
382,C[n+]1ccc(C(=O)c2ccccc2)c(CC[N+](C)(C)C)c1,CC[n+]1c(C)cc(C(=O)c2ccccc2)cc1C,-1633.264865,-1642.378146,9.113280245,4267.280245,2.545250631,45.37026723,
383,C[n+]1cccc(-c2cc(S)c[n+](C)c2)c1,C[n+]1cccc(-c2ccc[n+](C)c2)c1,-1122.303187,-1131.405129,9.101942032,4255.942032,2.546229586,235.4143405,
384,C[n+]1cccc(-c2c[n+](C)ccc2CC[N+](C)(C)C)c1,C[n+]1cccc(-c2ccc[n+](C)c2)c1,-1562.628723,-1571.731048,9.102324836,4256.324836,2.546572993,235.4151482,
385,C[n+]1ccc(-c2c(N)c[n+](C)cc2N)cc1,C[n+]1ccc(-c2cc[n+](C)cc2)cc1,-1221.547163,-1230.533644,8.986481538,4140.481538,2.549487544,72.91355723,
386,CC1(C)N([O])C(c2ccccc2O)=[N+]([O-])C1(C)C,CC1(C)N([O])C(c2ccccc2)=[N+]([O-])C1(C)C,-1482.882201,-1491.528881,8.646680227,3800.680227,2.550000649,31.58053618,
387,CC1(C)N([O])C(c2ccccc2C[N+](C)(C)C)=[N+]([O-])C1(C)C,CC1(C)N([O])C(c2ccccc2)=[N+]([O-])C1(C)C,-1814.4774,-1823.128745,8.651344842,3805.344842,2.551332496,32.3585489,
388,C[n+]1cccc(-c2ccc[n+](C)c2CC[N+](C)(C)C)c1,C[n+]1cccc(-c2ccc[n+](C)c2)c1,-1562.383162,-1571.499742,9.116579892,4270.579892,2.553823938,235.5506213,
389,O=C1c2ccccc2C(=O)c2cc(S)ccc21,O=C1c2ccccc2C(=O)c2ccccc21,-1236.511634,-1244.868195,8.35656063,3510.56063,2.554519748,6.978991285,
390,C[n+]1cccc(-c2ccc(CC[N+](C)(C)C)[n+](C)c2)c1,C[n+]1cccc(-c2ccc[n+](C)c2)c1,-1562.600899,-1571.725755,9.124855676,4278.855676,2.557380531,235.7068207,
391,C[n+]1c(N)ccc2ccc3ccc(N)[n+](C)c3c21,C[n+]1cccc2ccc3ccc[n+](C)c3c21,-1338.896774,-1347.81167,8.914895928,4068.895928,2.563044516,260.7160923,
392,O=C1c2ccccc2C(=O)c2c(O)cccc21,O=C1c2ccccc2C(=O)c2ccccc21,-1259.130021,-1267.503532,8.373510094,3527.510094,2.564064331,8.145500243,
393,C[n+]1cc(S)cc(-c2cc(S)c[n+](C)c2)c1,C[n+]1cccc(-c2ccc[n+](C)c2)c1,-1210.717985,-1219.859142,9.141156538,4295.156538,2.565206091,235.9212602,
394,COCCc1c[n+](C)ccc1-c1cc[n+](C)cc1CCOC,C[n+]1ccc(-c2cc[n+](C)cc2)cc1,-1772.252537,-1781.279577,9.027039953,4181.039953,2.569937019,68.82853891,
395,C[N+](C)(C)Cc1ccc2c(c1)C(=O)c1cc(C[N+](C)(C)C)ccc1-2,O=C1c2ccccc2-c2ccccc21,-1864.574702,-1872.818423,8.243720433,3397.720433,2.578529756,41.27790619,
396,C[n+]1cccc(-c2cc(CC[N+](C)(C)C)c[n+](C)c2)c1,C[n+]1cccc(-c2ccc[n+](C)c2)c1,-1562.643799,-1571.81431,9.170511069,4324.511069,2.579363167,236.34597,
397,C[n+]1cc(CC[N+](C)(C)C)c(C(=O)c2ccccc2)c(CC[N+](C)(C)C)c1,CC[n+]1c(C)cc(C(=O)c2ccccc2)cc1C,-2161.956557,-2171.146318,9.189761659,4343.761659,2.579729086,53.12949478,
398,C[N+](C)(C)Cc1ccc2c(c1)-c1cc(C[N+](C)(C)C)ccc1C2=O,O=C1c2ccccc2-c2ccccc21,-1864.56548,-1872.819971,8.254491168,3408.491168,2.584991467,41.9930293,
399,O=C1c2ccccc2C(=O)c2cc(S)c(S)cc21,O=C1c2ccccc2C(=O)c2ccccc21,-1325.010779,-1333.428802,8.418023521,3572.023521,2.588092659,11.35057101,
400,C[n+]1cc(N)cc2ccc3cc(N)c[n+](C)c3c21,C[n+]1cccc2ccc3ccc[n+](C)c3c21,-1338.44067,-1347.410381,8.969711518,4123.711518,2.59041889,261.3381535,
401,C[N+](C)(C)CCc1ccc2c(c1)C(=O)c1ccccc1C2=O,O=C1c2ccccc2C(=O)c2ccccc21,-1676.866048,-1685.28741,8.421361745,3575.361745,2.590683918,11.6082531,
402,CN(C)c1c[n+](C)ccc1-c1cc[n+](C)cc1,C[n+]1ccc(-c2cc[n+](C)cc2)cc1,-1300.370759,-1309.44116,9.070401635,4224.401635,2.591062903,64.61904762,
403,CCc1c[n+](C)cc(CC)c1-c1cc[n+](C)cc1,C[n+]1ccc(-c2cc[n+](C)cc2)cc1,-1379.100496,-1388.172883,9.072387223,4226.387223,2.591692969,64.38163326,
404,COCc1c[n+](C)cc(COC)c1-c1cc[n+](C)cc1,C[n+]1ccc(-c2cc[n+](C)cc2)cc1,-1599.557209,-1608.639824,9.082615099,4236.615099,2.59642196,63.14564473,
405,C[N+](C)(C)CCc1cccc2c1C(=O)c1c(CC[N+](C)(C)C)cccc1-2,O=C1c2ccccc2-c2ccccc21,-2037.075408,-2045.352729,8.277321491,3431.321491,2.598333791,43.53228211,
406,CCc1c[n+](C)ccc1-c1cc[n+](C)cc1CC,C[n+]1ccc(-c2cc[n+](C)cc2)cc1,-1379.105532,-1388.19917,9.093638142,4247.638142,2.602455298,62.07445333,
407,C[n+]1cc(S)c(C(=O)c2ccccc2)c(S)c1,CC[n+]1c(C)cc(C(=O)c2ccccc2)cc1C,-1281.323657,-1290.564468,9.240810641,4394.810641,2.604700422,59.50067491,
408,C[n+]1ccc(-c2cc[n+](C)c(N)c2)cc1,C[n+]1ccc(-c2cc[n+](C)cc2)cc1,-1128.298756,-1137.399478,9.100722535,4254.722535,2.60561579,61.26202796,
409,CN(C)c1ccc2ccc3ccc(N(C)C)[n+](C)c3c2[n+]1C,C[n+]1cccc2ccc3ccc[n+](C)c3c21,-1683.263706,-1692.266934,9.003227865,4157.227865,2.606986471,261.7906454,
410,C[n+]1ccc(-c2cc[n+](C)cc2N)cc1,C[n+]1ccc(-c2cc[n+](C)cc2)cc1,-1128.092722,-1137.199347,9.10662531,4260.62531,2.608411894,60.63931122,
411,O=C1c2ccc(S)cc2C(=O)c2cc(S)ccc21,O=C1c2ccccc2C(=O)c2ccccc21,-1325.073744,-1333.524584,8.450839954,3604.839954,2.608581681,13.83104961,
412,Cc1c[n+](C)cc(C)c1-c1cc[n+](C)cc1,C[n+]1ccc(-c2cc[n+](C)cc2)cc1,-1206.888647,-1215.997738,9.10909118,4263.09118,2.609655425,60.51549413,
413,O=C1c2cccc(O)c2C(=O)c2c(O)cccc21,O=C1c2ccccc2C(=O)c2ccccc21,-1370.289733,-1378.749851,8.460117963,3614.117963,2.61343581,14.47813623,
414,Cc1c[n+](C)ccc1-c1cc[n+](C)cc1C,C[n+]1ccc(-c2cc[n+](C)cc2)cc1,-1206.901207,-1216.020658,9.119450679,4273.450679,2.614649111,59.40591679,
415,COc1c[n+](C)cc(OC)c1-c1cc[n+](C)cc1,C[n+]1ccc(-c2cc[n+](C)cc2)cc1,-1428.036243,-1437.188589,9.152345859,4306.345859,2.630095054,55.62469333,
416,C[N+](C)(C)CCc1cccc2c1C(=O)c1ccccc1C2=O,O=C1c2ccccc2C(=O)c2ccccc21,-1676.842856,-1685.341731,8.498874744,3652.874744,2.633273354,17.32578205,
417,C[n+]1cc(-c2ccc(CC[N+](C)(C)C)[n+](C)c2)ccc1CC[N+](C)(C)C,C[n+]1cccc(-c2ccc[n+](C)c2)c1,-2091.139299,-2100.434916,9.295617514,4449.617514,2.636364409,238.7261334,
418,C[n+]1ccc(CC[N+](C)(C)C)c(-c2c[n+](C)ccc2CC[N+](C)(C)C)c1,C[n+]1cccc(-c2ccc[n+](C)c2)c1,-2091.159976,-2100.460314,9.300337918,4454.337918,2.638329724,238.8457582,
419,CN(C)c1cc(-c2cc[n+](C)cc2)cc[n+]1C,C[n+]1ccc(-c2cc[n+](C)cc2)cc1,-1300.368614,-1309.543118,9.174504058,4328.504058,2.640514113,53.39887209,
420,C[N+](C)(C)CCc1cc2c(cc1CC[N+](C)(C)C)C(=O)c1ccccc1C2=O,O=C1c2ccccc2C(=O)c2ccccc21,-2205.687411,-2214.198595,8.511184093,3665.184093,2.64128931,18.3348267,
421,COc1c[n+](C)ccc1-c1cc[n+](C)cc1OC,C[n+]1ccc(-c2cc[n+](C)cc2)cc1,-1428.06345,-1437.241531,9.178081035,4332.081035,2.642026016,52.73274107,
422,C[n+]1c(CC[N+](C)(C)C)cc(C(=O)c2ccccc2)cc1CC[N+](C)(C)C,CC[n+]1c(C)cc(C(=O)c2ccccc2)cc1C,-2161.502484,-2170.848203,9.345719177,4499.719177,2.650355705,71.29267375,
423,C[N+](C)(C)Cc1cccc2c1-c1c(C[N+](C)(C)C)cccc1C2=O,O=C1c2ccccc2-c2ccccc21,-1863.87945,-1872.252467,8.373016399,3527.016399,2.652358668,49.76292108,
424,C[n+]1ccc(C(=O)c2ccccc2)cc1C[N+](C)(C)C,CC[n+]1c(C)cc(C(=O)c2ccccc2)cc1C,-1546.548798,-1555.898135,9.349336484,4503.336484,2.652512765,71.98293284,
425,C[n+]1cccc(-c2cc(C[N+](C)(C)C)c[n+](C)c2)c1,C[n+]1cccc(-c2ccc[n+](C)c2)c1,-1476.288153,-1485.630958,9.342805204,4496.805204,2.657159769,239.9690252,
426,C[n+]1ccc(-c2c(O)c[n+](C)cc2O)cc1,C[n+]1ccc(-c2cc[n+](C)cc2)cc1,-1256.050197,-1265.266838,9.216640437,4370.640437,2.659773847,48.41183915,
427,C[N+](C)(C)Cc1ccc2c(c1)C(=O)c1ccccc1C2=O,O=C1c2ccccc2C(=O)c2ccccc21,-1590.684995,-1599.232865,8.547869776,3701.869776,2.660423609,21.06522093,
428,C[n+]1ccc(C(=O)c2ccccc2)c(C[N+](C)(C)C)c1,CC[n+]1c(C)cc(C(=O)c2ccccc2)cc1C,-1546.8,-1556.189224,9.38922457,4543.22457,2.6698522,76.95814862,
429,COc1cc(-c2cc[n+](C)c(OC)c2)cc[n+]1C,C[n+]1ccc(-c2cc[n+](C)cc2)cc1,-1428.310698,-1437.564899,9.254200749,4408.200749,2.676921897,44.16452466,
430,C[n+]1ccc(-c2cc[n+](C)c(O)c2)cc1O,C[n+]1ccc(-c2cc[n+](C)cc2)cc1,-1256.446512,-1265.700798,9.254286253,4408.286253,2.67696077,44.07164606,
431,O=C1c2cccc(S)c2C(=O)c2c(S)cccc21,O=C1c2ccccc2C(=O)c2ccccc21,-1325.115512,-1333.700689,8.585176908,3739.176908,2.68030443,23.95522208,
432,C[n+]1cc(CC[N+](C)(C)C)cc(-c2cc(CC[N+](C)(C)C)c[n+](C)c2)c1,C[n+]1cccc(-c2ccc[n+](C)c2)c1,-2091.226797,-2100.623888,9.397091789,4551.091789,2.68062334,241.4563968,
433,CC1(C)N([O])C(c2c(CC[N+](C)(C)C)cccc2CC[N+](C)(C)C)=[N+]([O-])C1(C)C,CC1(C)N([O])C(c2ccccc2)=[N+]([O-])C1(C)C,-2429.659798,-2438.560189,8.900391717,4054.391717,2.682517284,53.70765535,
434,C[n+]1ccc(-c2cc[n+](C)cc2O)c(O)c1,C[n+]1ccc(-c2cc[n+](C)cc2)cc1,-1256.079768,-1265.348511,9.268742835,4422.742835,2.683605207,42.52519531,
435,C[n+]1cccc(-c2ccc[n+](C)c2CC[N+](C)(C)C)c1CC[N+](C)(C)C,C[n+]1cccc(-c2ccc[n+](C)c2)c1,-2090.717962,-2100.123452,9.405489814,4559.489814,2.683983216,241.7048593,
436,C[N+](C)(C)CCc1ccc2c(c1)C(=O)c1cc(CC[N+](C)(C)C)ccc1C2=O,O=C1c2ccccc2C(=O)c2ccccc21,-2205.741668,-2214.334594,8.592925695,3746.925695,2.686653429,24.69441635,
437,COCCc1cc(-c2cc[n+](C)c(CCOC)c2)cc[n+]1C,C[n+]1ccc(-c2cc[n+](C)cc2)cc1,-1772.352448,-1781.639033,9.286584534,4440.584534,2.691845908,40.23539634,
438,CC1(C)N([O])C(c2c(O)cccc2O)=[N+]([O-])C1(C)C,CC1(C)N([O])C(c2ccccc2)=[N+]([O-])C1(C)C,-1593.861774,-1602.780415,8.918640342,4072.640342,2.692174993,55.26326588,
439,C[n+]1cccc(-c2c[n+](C)ccc2C[N+](C)(C)C)c1,C[n+]1cccc(-c2ccc[n+](C)c2)c1,-1476.120396,-1485.551139,9.430742474,4584.742474,2.695050734,242.5235845,
440,C[n+]1cccc(-c2ccc(C[N+](C)(C)C)[n+](C)c2)c1,C[n+]1cccc(-c2ccc[n+](C)c2)c1,-1476.019723,-1485.45264,9.432916667,4586.916667,2.695952544,242.6069308,
441,COCCc1c[n+](C)ccc1-c1cc[n+](C)cc1,C[n+]1ccc(-c2cc[n+](C)cc2)cc1,-1403.130473,-1412.428149,9.297675687,4451.675687,2.696574083,39.20188245,
442,CCc1c[n+](C)ccc1-c1cc[n+](C)cc1,C[n+]1ccc(-c2cc[n+](C)cc2)cc1,-1206.60276,-1215.900432,9.297671653,4451.671653,2.696616899,39.1010654,
443,C[n+]1cccc(-c2ccc[n+](C)c2C[N+](C)(C)C)c1,C[n+]1cccc(-c2ccc[n+](C)c2)c1,-1475.69119,-1485.126621,9.435431116,4589.431116,2.696691837,242.6472811,
444,COCc1c[n+](C)ccc1-c1cc[n+](C)cc1COC,C[n+]1ccc(-c2cc[n+](C)cc2)cc1,-1599.643597,-1608.943569,9.299971583,4453.971583,2.697572909,38.63697148,
445,CN(C)c1ccc2ncc(N(C)C)nc2c1,c1ccc2nccnc2c1,-1240.41405,-1246.837534,6.423484185,1577.484185,2.699475282,54.60880051,
446,Cc1c[n+](C)ccc1-c1cc[n+](C)cc1,C[n+]1ccc(-c2cc[n+](C)cc2)cc1,-1120.504585,-1129.809287,9.304702772,4458.702772,2.699545371,38.03735319,
447,CN(C)c1cc[n+](C)c2c1ccc1ccc[n+](C)c12,C[n+]1cccc2ccc3ccc[n+](C)c3c21,-1416.92494,-1426.133331,9.208390919,4362.390919,2.705278673,265.6023333,
448,CN(C)c1nc2ccccc2nc1N(C)C,c1ccc2nccnc2c1,-1240.491631,-1246.941538,6.449907597,1603.907597,2.710422765,52.40621705,
449,CCc1cc(-c2cc[n+](C)c(CC)c2)cc[n+]1C,C[n+]1ccc(-c2cc[n+](C)cc2)cc1,-1379.165953,-1388.501846,9.335892371,4489.892371,2.713405408,34.45258404,
450,COc1c[n+](C)ccc1-c1cc[n+](C)cc1,C[n+]1ccc(-c2cc[n+](C)cc2)cc1,-1231.105384,-1240.444825,9.339440824,4493.440824,2.715197715,33.98997418,
451,CCc1cc(-c2cc[n+](C)cc2)cc(CC)[n+]1C,C[n+]1ccc(-c2cc[n+](C)cc2)cc1,-1379.08852,-1388.435299,9.346779469,4500.779469,2.71814035,33.07403378,
452,COc1cc[n+](C)c2c1ccc1c(OC)cc[n+](C)c12,C[n+]1cccc2ccc3ccc[n+](C)c3c21,-1544.731771,-1553.97217,9.240398771,4394.398771,2.719861334,266.3712711,
453,C[N+](C)(C)Cc1cccc2c1C(=O)c1ccccc1C2=O,O=C1c2ccccc2C(=O)c2ccccc21,-1590.608097,-1599.267559,8.659461503,3813.461503,2.722708177,30.05290287,
454,Cc1cc(-c2cc[n+](C)c(C)c2)cc[n+]1C,C[n+]1ccc(-c2cc[n+](C)cc2)cc1,-1206.990027,-1216.348457,9.358430112,4512.430112,2.723191819,31.41903562,
455,C[n+]1cccc2c(N)c(N)c3ccc[n+](C)c3c21,C[n+]1cccc2ccc3ccc[n+](C)c3c21,-1337.953841,-1347.203468,9.249627055,4403.627055,2.724248024,266.648841,
456,COCCc1cc(-c2cc[n+](C)cc2)cc(CCOC)[n+]1C,C[n+]1ccc(-c2cc[n+](C)cc2)cc1,-1772.137841,-1781.49845,9.360609218,4514.609218,2.724255285,31.31330103,
457,CN(C)c1c(N(C)C)c2ccc[n+](C)c2c2c1ccc[n+]2C,C[n+]1cccc2ccc3ccc[n+](C)c3c21,-1682.2252,-1691.475374,9.250173259,4404.173259,2.72439676,266.6518079,
458,Nc1nc2ccccc2nc1N,c1ccc2nccnc2c1,-895.9282167,-902.4116873,6.483470621,1637.470621,2.724810644,49.50973294,
459,CN(C)c1cc2ccc3ccc[n+](C)c3c2[n+](C)c1,C[n+]1cccc2ccc3ccc[n+](C)c3c21,-1416.825075,-1426.086961,9.261886255,4415.886255,2.729592603,266.94304,
460,COc1cc(-c2cc[n+](C)cc2)cc(OC)[n+]1C,C[n+]1ccc(-c2cc[n+](C)cc2)cc1,-1428.148632,-1437.525513,9.376880576,4530.880576,2.731473512,29.12844292,
461,COc1cc(-c2cc[n+](C)cc2)cc[n+]1C,C[n+]1ccc(-c2cc[n+](C)cc2)cc1,-1231.223125,-1240.601749,9.378624394,4532.624394,2.732025311,28.89977747,
462,C[n+]1ccc(-c2cc[n+](C)c(O)c2)cc1,C[n+]1ccc(-c2cc[n+](C)cc2)cc1,-1145.291798,-1154.670808,9.37900942,4533.00942,2.732233195,28.90666327,
463,C[n+]1ccc(-c2cc(O)[n+](C)c(O)c2)cc1,C[n+]1ccc(-c2cc[n+](C)cc2)cc1,-1256.287274,-1265.666984,9.379710687,4533.710687,2.732429729,28.90878376,
464,Cc1cc(-c2cc[n+](C)cc2)cc(C)[n+]1C,C[n+]1ccc(-c2cc[n+](C)cc2)cc1,-1206.894158,-1216.278285,9.384126428,4538.126428,2.734297379,28.23130392,
465,COCCc1cc(-c2cc[n+](C)cc2)cc[n+]1C,C[n+]1ccc(-c2cc[n+](C)cc2)cc1,-1403.244412,-1412.636559,9.392147206,4546.147206,2.737791708,27.188778,
466,O=C1c2ccccc2C(=O)c2c(S)cccc21,O=C1c2ccccc2C(=O)c2ccccc21,-1236.522338,-1245.218616,8.69627796,3850.27796,2.741737403,33.04527842,
467,CC1(C)N([O])C(c2ccccc2S)=[N+]([O-])C1(C)C,CC1(C)N([O])C(c2ccccc2)=[N+]([O-])C1(C)C,-1460.371843,-1469.390609,9.018766632,4172.766632,2.742475762,64.70139066,
468,C[n+]1ccc(-c2c(S)c[n+](C)cc2S)cc1,C[n+]1ccc(-c2cc[n+](C)cc2)cc1,-1210.800958,-1220.214557,9.413599276,4567.599276,2.747012414,24.51211397,
469,CC1(C)N([O])C(c2c(C[N+](C)(C)C)cccc2C[N+](C)(C)C)=[N+]([O-])C1(C)C,CC1(C)N([O])C(c2ccccc2)=[N+]([O-])C1(C)C,-2256.840547,-2265.873003,9.032455313,4186.455313,2.748629584,66.26453806,
470,CCc1cc(-c2cc[n+](C)cc2)cc[n+]1C,C[n+]1ccc(-c2cc[n+](C)cc2)cc1,-1206.6484,-1216.06737,9.418969391,4572.969391,2.748963812,23.79652055,
471,C[N+](C)(C)Cc1cccc2c1C(=O)c1c(C[N+](C)(C)C)cccc1-2,O=C1c2ccccc2-c2ccccc21,-1864.672917,-1873.218679,8.545761987,3699.761987,2.749503115,61.58628369,
472,COCc1c[n+](C)ccc1-c1cc[n+](C)cc1,C[n+]1ccc(-c2cc[n+](C)cc2)cc1,-1316.832241,-1326.258918,9.426676567,4580.676567,2.752446514,22.87010083,
473,C[n+]1ccc(-c2cc[n+](C)cc2S)c(S)c1,C[n+]1ccc(-c2cc[n+](C)cc2)cc1,-1210.704894,-1220.131911,9.427016927,4581.016927,2.752877801,22.86429803,
474,C[n+]1cccc2ccc3c(N)cc[n+](C)c3c21,C[n+]1cccc2ccc3ccc[n+](C)c3c21,-1244.621985,-1253.938337,9.31635199,4470.35199,2.753797613,268.4500944,
475,C[n+]1ccc(-c2cc[n+](C)cc2O)cc1,C[n+]1ccc(-c2cc[n+](C)cc2)cc1,-1145.076173,-1154.513014,9.43684059,4590.84059,2.756995513,21.41798789,
476,Nc1ccc2ncc(N)nc2c1,c1ccc2nccnc2c1,-895.7605955,-902.317466,6.556870523,1710.870523,2.758292879,43.5926144,
477,C[n+]1cccc2ccc3cc(N)c[n+](C)c3c21,C[n+]1cccc2ccc3ccc[n+](C)c3c21,-1244.402891,-1253.745882,9.342990719,4496.990719,2.765627007,269.2659969,
478,Cc1cc(-c2cc[n+](C)cc2)cc[n+]1C,C[n+]1ccc(-c2cc[n+](C)cc2)cc1,-1120.514996,-1129.991476,9.476479926,4630.479926,2.772023621,16.23335541,
479,C[n+]1ccc(O)c2ccc3c(O)cc[n+](C)c3c21,C[n+]1cccc2ccc3ccc[n+](C)c3c21,-1372.680292,-1382.038176,9.357884703,4511.884703,2.772086969,269.7369216,
480,C[n+]1cccc2ccc3ccc(N)[n+](C)c3c21,C[n+]1cccc2ccc3ccc[n+](C)c3c21,-1244.615951,-1253.974425,9.358473105,4512.473105,2.77214958,269.776185,
481,C[n+]1ccc(-c2cc[n+](C)c(S)c2)cc1,C[n+]1ccc(-c2cc[n+](C)cc2)cc1,-1122.574508,-1132.059443,9.484934946,4638.934946,2.776561365,15.39979556,
482,C[N+](C)(C)CCc1ccc(CC[N+](C)(C)C)c2c1C(=O)c1ccccc1C2=O,O=C1c2ccccc2C(=O)c2ccccc21,-2205.609322,-2214.374809,8.765486315,3919.486315,2.778441586,38.9104723,
483,C[n+]1ccc(-c2cc[n+](C)cc2S)cc1,C[n+]1ccc(-c2cc[n+](C)cc2)cc1,-1122.400866,-1131.892629,9.491762582,4645.762582,2.779415786,14.35253682,
484,C[n+]1ccc(-c2cc(S)[n+](C)c(S)c2)cc1,C[n+]1ccc(-c2cc[n+](C)cc2)cc1,-1210.944665,-1220.437266,9.492600683,4646.600683,2.77969978,14.06489136,
485,CN(C)c1ccc2ccc3ccc[n+](C)c3c2[n+]1C,C[n+]1cccc2ccc3ccc[n+](C)c3c21,-1416.804261,-1426.18221,9.377949752,4531.949752,2.780773154,270.3977047,
486,CN(C)c1ccc(N(C)C)c2nccnc12,c1ccc2nccnc2c1,-1239.828253,-1246.450668,6.622415319,1776.415319,2.78961699,38.4793198,
487,CN(C)c1cnc2ccccc2n1,c1ccc2nccnc2c1,-974.4811944,-981.1105735,6.629379057,1783.379057,2.793164901,37.88916162,
488,COCc1cc(-c2cc[n+](C)cc2)cc[n+]1C,C[n+]1ccc(-c2cc[n+](C)cc2)cc1,-1316.86761,-1326.39673,9.529119795,4683.119795,2.794485892,9.12618268,
489,C[n+]1cc(C[N+](C)(C)C)c(C(=O)c2ccccc2)c(C[N+](C)(C)C)c1,CC[n+]1c(C)cc(C(=O)c2ccccc2)cc1C,-1988.871316,-1998.58157,9.710254661,4864.254661,2.79712945,120.2878057,
490,O=C1c2ccccc2C(=O)c2c(S)ccc(S)c21,O=C1c2ccccc2C(=O)c2ccccc21,-1325.129679,-1333.932427,8.802748116,3956.748116,2.797437585,42.13074898,
491,C[N+](C)(C)CCc1cccc2c1C(=O)c1c(CC[N+](C)(C)C)cccc1C2=O,O=C1c2ccccc2C(=O)c2ccccc21,-2205.594245,-2214.397882,8.80363696,3957.63696,2.799394327,42.32086225,
492,C[n+]1c(O)ccc2ccc3ccc(O)[n+](C)c3c21,C[n+]1cccc2ccc3ccc[n+](C)c3c21,-1372.839819,-1382.266413,9.426594398,4580.594398,2.801364764,272.0905774,
493,COCc1cc(-c2cc[n+](C)c(COC)c2)cc[n+]1C,C[n+]1ccc(-c2cc[n+](C)cc2)cc1,-1599.606553,-1609.156778,9.550224628,4704.224628,2.803195196,7.5832135,
494,COc1ccc2ccc3ccc(OC)[n+](C)c3c2[n+]1C,C[n+]1cccc2ccc3ccc[n+](C)c3c21,-1544.698991,-1554.130129,9.431138276,4585.138276,2.803396638,272.3007918,
495,COCc1cc(-c2cc[n+](C)cc2)cc(COC)[n+]1C,C[n+]1ccc(-c2cc[n+](C)cc2)cc1,-1599.567582,-1609.123991,9.556408695,4710.408695,2.805326338,5.680484232,
496,C[n+]1cc(C[N+](C)(C)C)cc(-c2cc(C[N+](C)(C)C)c[n+](C)c2)c1,C[n+]1cccc(-c2ccc[n+](C)c2)c1,-1918.493379,-1928.206923,9.713544656,4867.544656,2.805687848,255.0368231,
497,C[n+]1ccc(-c2cc[n+](C)c(S)c2)cc1S,C[n+]1ccc(-c2cc[n+](C)cc2)cc1,-1210.913612,-1220.487353,9.573740933,4727.740933,2.812026857,3.616333072,
498,C[N+](C)(C)Cc1ccc2c(c1)C(=O)c1cc(C[N+](C)(C)C)ccc1C2=O,O=C1c2ccccc2C(=O)c2ccccc21,-2033.373516,-2042.20856,8.835044453,3989.044453,2.814097998,44.94693487,
499,C[n+]1ccc(-c2cc[n+](C)cc2CC[N+](C)(C)C)cc1,C[n+]1ccc(-c2cc[n+](C)cc2)cc1,-1562.671141,-1572.258338,9.587196912,4741.196912,2.81734178,1.7050744,
500,C[n+]1cccc2cc(N)c3ccc[n+](C)c3c21,C[n+]1cccc2ccc3ccc[n+](C)c3c21,-1244.29829,-1253.766343,9.468053886,4622.053886,2.818715099,273.6890365,
501,CN(C)c1cc2ccc[n+](C)c2c2c1ccc[n+]2C,C[n+]1cccc2ccc3ccc[n+](C)c3c21,-1416.51733,-1425.986238,9.468908467,4622.908467,2.818935176,273.7190322,
502,COCCc1ccc2ccc3ccc(CCOC)[n+](C)c3c2[n+]1C,C[n+]1cccc2ccc3ccc[n+](C)c3c21,-1888.640792,-1898.118093,9.477300238,4631.300238,2.822437674,274.0473689,
503,Cc1cc[n+](C)c2c1ccc1c(C)cc[n+](C)c12,C[n+]1cccc2ccc3ccc[n+](C)c3c21,-1323.235177,-1332.716585,9.481408752,4635.408752,2.824379387,274.2735103,
504,Nc1cc2nccnc2cc1N,c1ccc2nccnc2c1,-895.4775451,-902.171375,6.693829875,1847.829875,2.825495438,32.91392665,
505,Nc1ccc(N)c2nccnc12,c1ccc2nccnc2c1,-895.4525005,-902.1657275,6.71322695,1867.22695,2.835008109,31.51985457,
506,Cc1ccc2ccc3ccc(C)[n+](C)c3c2[n+]1C,C[n+]1cccc2ccc3ccc[n+](C)c3c21,-1323.290401,-1332.80368,9.513279526,4667.279526,2.837257657,275.5689734,
507,C[n+]1cc(O)cc2ccc3cc(O)c[n+](C)c3c21,C[n+]1cccc2ccc3ccc[n+](C)c3c21,-1372.367544,-1381.882413,9.514869078,4668.869078,2.837821479,275.6226353,
508,COc1cc[n+](C)c2c1ccc1ccc[n+](C)c12,C[n+]1cccc2ccc3ccc[n+](C)c3c21,-1347.505845,-1357.022174,9.516329001,4670.329001,2.838419218,275.6958535,
509,C[N+](C)(C)Cc1cc2c(cc1C[N+](C)(C)C)C(=O)c1ccccc1C2=O,O=C1c2ccccc2C(=O)c2ccccc21,-2033.014396,-2041.914863,8.900467121,4054.467121,2.846572069,50.81643271,
510,CN(C)c1cc2nccnc2cc1N(C)C,c1ccc2nccnc2c1,-1239.946217,-1246.688294,6.742077236,1896.077236,2.849013141,29.36387086,
511,C[n+]1cc(-c2ccc(C[N+](C)(C)C)[n+](C)c2)ccc1C[N+](C)(C)C,C[n+]1cccc(-c2ccc[n+](C)c2)c1,-1917.953013,-1927.792193,9.839179674,4993.179674,2.849052689,262.8252521,
512,C[n+]1ccc(-c2c(CC[N+](C)(C)C)c[n+](C)cc2CC[N+](C)(C)C)cc1,C[n+]1ccc(-c2cc[n+](C)cc2)cc1,-2091.197251,-2100.867923,9.670672149,4824.672149,2.849161351,11.38478981,
513,COc1cc2ccc3cc(OC)c[n+](C)c3c2[n+](C)c1,C[n+]1cccc2ccc3ccc[n+](C)c3c21,-1544.214697,-1553.757952,9.543255426,4697.255426,2.849229497,276.8747713,
514,CCc1cc[n+](C)c2c1ccc1c(CC)cc[n+](C)c12,C[n+]1cccc2ccc3ccc[n+](C)c3c21,-1495.397332,-1504.946654,9.549322396,4703.322396,2.851624683,277.1690419,
515,C[n+]1ccc(-c2cc[n+](C)cc2CC[N+](C)(C)C)c(CC[N+](C)(C)C)c1,C[n+]1ccc(-c2cc[n+](C)cc2)cc1,-2091.14752,-2100.8264,9.678879538,4832.879538,2.852158115,12.6103154,
516,C[n+]1ccc(-c2cc[n+](C)c(CC[N+](C)(C)C)c2)cc1,C[n+]1ccc(-c2cc[n+](C)cc2)cc1,-1562.692314,-1572.374272,9.681957805,4835.957805,2.853245216,13.0614791,
517,Cc1c(C)c2ccc[n+](C)c2c2c1ccc[n+]2C,C[n+]1cccc2ccc3ccc[n+](C)c3c21,-1322.930689,-1332.491672,9.560982985,4714.982985,2.856132556,277.6796878,
518,Cc1cc2ccc3cc(C)c[n+](C)c3c2[n+](C)c1,C[n+]1cccc2ccc3ccc[n+](C)c3c21,-1323.17912,-1332.75107,9.571949736,4725.949736,2.860548206,278.1893539,
519,C[n+]1ccc(S)c2ccc3c(S)cc[n+](C)c3c21,C[n+]1cccc2ccc3ccc[n+](C)c3c21,-1327.54051,-1337.126907,9.586397487,4740.397487,2.866179014,278.8820622,
520,COCCc1cc2ccc3cc(CCOC)c[n+](C)c3c2[n+](C)c1,C[n+]1cccc2ccc3ccc[n+](C)c3c21,-1888.453403,-1898.044921,9.591517426,4745.517426,2.867940157,279.1115678,
521,C[n+]1c(C[N+](C)(C)C)cc(C(=O)c2ccccc2)cc1C[N+](C)(C)C,CC[n+]1c(C)cc(C(=O)c2ccccc2)cc1C,-1988.340456,-1998.263699,9.923243108,5077.243108,2.868105566,152.7309959,
522,C[n+]1cccc2ccc3ccc(O)[n+](C)c3c21,C[n+]1cccc2ccc3ccc[n+](C)c3c21,-1261.560057,-1271.154789,9.594731685,4748.731685,2.869293727,279.2847856,
523,COc1ccc2ccc3ccc[n+](C)c3c2[n+]1C,C[n+]1cccc2ccc3ccc[n+](C)c3c21,-1347.49069,-1357.087078,9.59638829,4750.38829,2.8700225,279.3712637,
524,C[n+]1ccc(C[N+](C)(C)C)c(-c2c[n+](C)ccc2C[N+](C)(C)C)c1,C[n+]1cccc(-c2ccc[n+](C)c2)c1,-1918.098244,-1928.000534,9.902290339,5056.290339,2.870165769,267.5069707,
525,C[n+]1cccc2ccc3c(O)cc[n+](C)c3c21,C[n+]1cccc2ccc3ccc[n+](C)c3c21,-1261.408125,-1271.012872,9.604747024,4758.747024,2.873329291,279.8003569,
526,Nc1cnc2ccccc2n1,c1ccc2nccnc2c1,-802.0860033,-808.8765245,6.790521235,1944.521235,2.873397421,25.7609631,
527,CCc1cc2ccc3cc(CC)c[n+](C)c3c2[n+](C)c1,C[n+]1cccc2ccc3ccc[n+](C)c3c21,-1495.408998,-1505.017075,9.608077469,4762.077469,2.874507898,279.9479791,
528,COCCc1cc[n+](C)c2c1ccc1c(CCOC)cc[n+](C)c12,C[n+]1cccc2ccc3ccc[n+](C)c3c21,-1888.330746,-1897.940764,9.610017683,4764.017683,2.875238649,280.0405423,
529,CCc1ccc2ccc3ccc(CC)[n+](C)c3c2[n+]1C,C[n+]1cccc2ccc3ccc[n+](C)c3c21,-1495.341602,-1504.955662,9.61406085,4768.06085,2.876839043,280.2684492,
530,COCCc1ccc2ccc3ccc[n+](C)c3c2[n+]1C,C[n+]1cccc2ccc3ccc[n+](C)c3c21,-1519.486055,-1529.102095,9.616040219,4770.040219,2.877732547,280.3855398,
531,C[n+]1cccc2ccc3cc(O)c[n+](C)c3c21,C[n+]1cccc2ccc3ccc[n+](C)c3c21,-1261.346349,-1270.966209,9.619860773,4773.860773,2.879035907,280.5616189,
532,Cc1cc[n+](C)c2c1ccc1ccc[n+](C)c12,C[n+]1cccc2ccc3ccc[n+](C)c3c21,-1236.752246,-1246.375247,9.623001562,4777.001562,2.880252593,280.731856,
533,CN(C)c1cccc2nccnc12,c1ccc2nccnc2c1,-974.0876875,-980.8941968,6.8065093,1960.5093,2.881404774,24.59014908,
534,COCCc1cc2ccc3ccc[n+](C)c3c2[n+](C)c1,C[n+]1cccc2ccc3ccc[n+](C)c3c21,-1519.436135,-1529.066539,9.630403435,4784.403435,2.883050145,281.1063948,
535,Cc1ccc2ccc3ccc[n+](C)c3c2[n+]1C,C[n+]1cccc2ccc3ccc[n+](C)c3c21,-1236.781969,-1246.418206,9.636236662,4790.236662,2.885230535,281.4264954,
536,C[n+]1c(S)ccc2ccc3ccc(S)[n+](C)c3c21,C[n+]1cccc2ccc3ccc[n+](C)c3c21,-1327.402205,-1337.043039,9.640833857,4794.833857,2.886861805,281.6188921,
537,CCc1c(CC)c2ccc[n+](C)c2c2c1ccc[n+]2C,C[n+]1cccc2ccc3ccc[n+](C)c3c21,-1495.104137,-1504.749047,9.644910348,4798.910348,2.888425115,281.825059,
538,C[n+]1cccc(-c2ccc[n+](C)c2C[N+](C)(C)C)c1C[N+](C)(C)C,C[n+]1cccc(-c2ccc[n+](C)c2)c1,-1917.126844,-1927.093762,9.96691825,5120.91825,2.890215752,272.6617417,
539,COc1cc2ccc3ccc[n+](C)c3c2[n+](C)c1,C[n+]1cccc2ccc3ccc[n+](C)c3c21,-1347.246014,-1356.896191,9.65017722,4804.17722,2.890480286,282.1423598,
540,CCc1cc[n+](C)c2c1ccc1ccc[n+](C)c12,C[n+]1cccc2ccc3ccc[n+](C)c3c21,-1322.83524,-1332.488334,9.653094668,4807.094668,2.891716077,282.317627,
541,COCCc1c(CCOC)c2ccc[n+](C)c2c2c1ccc[n+]2C,C[n+]1cccc2ccc3ccc[n+](C)c3c21,-1888.05492,-1897.709091,9.654170377,4808.170377,2.892179685,282.3986013,
542,Cc1nc2ccccc2nc1C,c1ccc2nccnc2c1,-880.9563985,-887.7893442,6.832945748,1986.945748,2.892719187,22.71131597,
543,COc1nc2ccccc2nc1OC,c1ccc2nccnc2c1,-1102.63776,-1109.46937,6.831609659,1985.609659,2.894193407,22.93190113,
544,C[n+]1cccc2c(O)c(O)c3ccc[n+](C)c3c21,C[n+]1cccc2ccc3ccc[n+](C)c3c21,-1372.176856,-1381.839165,9.662309298,4816.309298,2.895087389,282.791052,
545,COc1cc2ccc[n+](C)c2c2c1ccc[n+]2C,C[n+]1cccc2ccc3ccc[n+](C)c3c21,-1347.326143,-1356.991007,9.66486325,4818.86325,2.895961839,282.9356781,
546,Cc1cc2ccc3ccc[n+](C)c3c2[n+](C)c1,C[n+]1cccc2ccc3ccc[n+](C)c3c21,-1236.724919,-1246.390469,9.66555039,4819.55039,2.896218512,282.986601,
547,C[n+]1cccc2cc(O)c3ccc[n+](C)c3c21,C[n+]1cccc2ccc3ccc[n+](C)c3c21,-1261.37833,-1271.044713,9.666383848,4820.383848,2.896553003,283.0284518,
548,C[n+]1ccc(-c2cc[n+](C)cc2C[N+](C)(C)C)cc1,C[n+]1ccc(-c2cc[n+](C)cc2)cc1,-1476.188103,-1485.991892,9.803789188,4957.789188,2.89665807,31.85699335,
549,CCc1nc2ccccc2nc1CC,c1ccc2nccnc2c1,-1053.144963,-1059.990285,6.84532208,1999.32208,2.898209648,21.90243359,
550,C[n+]1cccc2ccc3c(S)cc[n+](C)c3c21,C[n+]1cccc2ccc3ccc[n+](C)c3c21,-1238.90341,-1248.57593,9.672520512,4826.520512,2.898783935,283.3690265,
551,CN(C)c1ccc2nccnc2c1,c1ccc2nccnc2c1,-974.1728033,-981.0150788,6.842275444,1996.275444,2.90049907,22.05224041,
552,COCCc1cc[n+](C)c2c1ccc1ccc[n+](C)c12,C[n+]1cccc2ccc3ccc[n+](C)c3c21,-1519.302586,-1528.985882,9.683295386,4837.295386,2.902858171,283.9763965,
553,CCc1cc2ccc3ccc[n+](C)c3c2[n+](C)c1,C[n+]1cccc2ccc3ccc[n+](C)c3c21,-1322.838348,-1332.523617,9.685268968,4839.268968,2.903633464,284.0790865,
554,CCc1ccc2ccc3ccc[n+](C)c3c2[n+]1C,C[n+]1cccc2ccc3ccc[n+](C)c3c21,-1322.807711,-1332.494459,9.686747861,4840.747861,2.904262166,284.1848212,
555,Cc1cc2ccc[n+](C)c2c2c1ccc[n+]2C,C[n+]1cccc2ccc3ccc[n+](C)c3c21,-1236.665913,-1246.357225,9.691311647,4845.311647,2.90582571,284.445726,
556,C[n+]1cccc2ccc3ccc(S)[n+](C)c3c21,C[n+]1cccc2ccc3ccc[n+](C)c3c21,-1238.837775,-1248.53738,9.699604517,4853.604517,2.908824324,284.8932498,
557,CCc1cc2ccc[n+](C)c2c2c1ccc[n+]2C,C[n+]1cccc2ccc3ccc[n+](C)c3c21,-1322.754453,-1332.463427,9.708974016,4862.974016,2.912177778,285.4590844,
558,C[n+]1cc(S)cc2ccc3cc(S)c[n+](C)c3c21,C[n+]1cccc2ccc3ccc[n+](C)c3c21,-1327.202595,-1336.911458,9.708863739,4862.863739,2.912346361,285.464877,
559,Nc1cccc2nccnc12,c1ccc2nccnc2c1,-801.8897329,-808.754219,6.864486095,2018.486095,2.913567642,20.53281673,
560,COCc1cc[n+](C)c2c1ccc1c(COC)cc[n+](C)c12,C[n+]1cccc2ccc3ccc[n+](C)c3c21,-1715.841794,-1725.565273,9.723478695,4877.478695,2.917490822,286.319975,
561,C[n+]1ccc(-c2cc(CC[N+](C)(C)C)[n+](C)c(CC[N+](C)(C)C)c2)cc1,C[n+]1ccc(-c2cc[n+](C)cc2)cc1,-2091.120088,-2100.990193,9.870105347,5024.105347,2.918686987,42.59469886,
562,COc1c(OC)c2ccc[n+](C)c2c2c1ccc[n+]2C,C[n+]1cccc2ccc3ccc[n+](C)c3c21,-1543.689737,-1553.419672,9.729934424,4883.934424,2.919966182,286.7569386,
563,C[n+]1cccc2ccc3cc(S)c[n+](C)c3c21,C[n+]1cccc2ccc3ccc[n+](C)c3c21,-1238.737935,-1248.472288,9.734353626,4888.353626,2.921352693,286.9663576,
564,CC1(C)N([O])C(c2c(S)cccc2S)=[N+]([O-])C1(C)C,CC1(C)N([O])C(c2ccccc2)=[N+]([O-])C1(C)C,-1548.889227,-1558.303009,9.413781832,4567.781832,2.923170953,107.8139844,
565,COCCc1cc2ccc[n+](C)c2c2c1ccc[n+]2C,C[n+]1cccc2ccc3ccc[n+](C)c3c21,-1519.222116,-1528.963533,9.741417555,4895.417555,2.923937245,287.4060341,
566,COCc1cc[n+](C)c2c1ccc1ccc[n+](C)c12,C[n+]1cccc2ccc3ccc[n+](C)c3c21,-1433.05468,-1442.797047,9.74236789,4896.36789,2.924235665,287.4521597,
567,Nc1ccc2nccnc2c1,c1ccc2nccnc2c1,-801.8745034,-808.7675309,6.893027447,2047.027447,2.924291658,18.47632864,
568,Cc1ccc2ncc(C)nc2c1,c1ccc2nccnc2c1,-880.903534,-887.79457,6.891036003,2045.036003,2.924377751,18.5966017,
569,COCc1cc2ccc3cc(COC)c[n+](C)c3c2[n+](C)c1,C[n+]1cccc2ccc3ccc[n+](C)c3c21,-1715.875097,-1725.618371,9.743274417,4897.274417,2.924600888,287.512959,
570,COCc1cc2ccc3ccc[n+](C)c3c2[n+](C)c1,C[n+]1cccc2ccc3ccc[n+](C)c3c21,-1433.069793,-1442.822716,9.752922257,4906.922257,2.927985997,288.0943128,
571,COCc1cc2ccc[n+](C)c2c2c1ccc[n+]2C,C[n+]1cccc2ccc3ccc[n+](C)c3c21,-1433.034328,-1442.79418,9.759852,4913.852,2.930428757,288.5337961,
572,COCc1ccc2ccc3ccc[n+](C)c3c2[n+]1C,C[n+]1cccc2ccc3ccc[n+](C)c3c21,-1433.063246,-1442.823781,9.76053488,4914.53488,2.930567084,288.5577191,
573,COCc1ccc2ccc3ccc(COC)[n+](C)c3c2[n+]1C,C[n+]1cccc2ccc3ccc[n+](C)c3c21,-1715.82306,-1725.583221,9.760161529,4914.161529,2.930620945,288.5786486,
574,C[n+]1ccc(-c2cc[n+](C)c(C[N+](C)(C)C)c2)cc1,C[n+]1ccc(-c2cc[n+](C)cc2)cc1,-1476.10974,-1486.019401,9.909660523,5063.660523,2.931583398,49.17724457,
575,CCc1ccc2ncc(CC)nc2c1,c1ccc2nccnc2c1,-1053.158029,-1060.065812,6.90778212,2061.78212,2.933817745,17.44323563,
576,C[n+]1cccc2cc(S)c3ccc[n+](C)c3c21,C[n+]1cccc2ccc3ccc[n+](C)c3c21,-1238.747844,-1248.517738,9.769894135,4923.894135,2.933982427,289.1671968,
577,COCCc1nc2ccccc2nc1CCOC,c1ccc2nccnc2c1,-1446.185517,-1453.098361,6.912843819,2066.843819,2.934019136,17.06894734,
578,COCc1c(COC)c2ccc[n+](C)c2c2c1ccc[n+]2C,C[n+]1cccc2ccc3ccc[n+](C)c3c21,-1715.564533,-1725.337921,9.773388389,4927.388389,2.935095313,289.3871697,
579,C[N+](C)(C)Cc1ccc(C[N+](C)(C)C)c2c1C(=O)c1ccccc1C2=O,O=C1c2ccccc2C(=O)c2ccccc21,-2033.040325,-2042.123661,9.083335501,4237.335501,2.939134198,68.69217571,
580,C[N+](C)(C)Cc1cccc2c1C(=O)c1c(C[N+](C)(C)C)cccc1C2=O,O=C1c2ccccc2C(=O)c2ccccc21,-2033.09783,-2042.191397,9.093566102,4247.566102,2.945042237,69.81440929,
581,Cc1ccc(C)c2nccnc12,c1ccc2nccnc2c1,-880.7839737,-887.722151,6.938177237,2092.177237,2.946389304,15.4673162,
582,C[n+]1ccc(-c2cc[n+](C)c(CC[N+](C)(C)C)c2)cc1CC[N+](C)(C)C,C[n+]1ccc(-c2cc[n+](C)cc2)cc1,-2091.111236,-2101.068392,9.957155884,5111.155884,2.946574608,57.25861519,
583,C[n+]1cccc2c(S)c(S)c3ccc[n+](C)c3c21,C[n+]1cccc2ccc3ccc[n+](C)c3c21,-1327.010211,-1336.830002,9.8197902,4973.7902,2.951243975,292.518493,
584,Oc1nc2ccccc2nc1O,c1ccc2nccnc2c1,-930.7538904,-937.7055111,6.951620629,2105.620629,2.953465332,14.50293956,
585,CCc1ccc(CC)c2nccnc12,c1ccc2nccnc2c1,-1053.04847,-1059.997288,6.948818593,2102.818593,2.954143123,14.62769007,
586,COc1ccc2ncc(OC)nc2c1,c1ccc2nccnc2c1,-1102.403195,-1109.360263,6.957068781,2111.068781,2.958118448,14.05155346,
587,Cc1cc2nccnc2cc1C,c1ccc2nccnc2c1,-880.8181266,-887.7934089,6.975282305,2129.282305,2.966538397,12.89710054,
588,Cc1cnc2ccccc2n1,c1ccc2nccnc2c1,-794.557361,-801.550221,6.992859963,2146.859963,2.975246843,11.61570145,
589,COc1cc2nccnc2cc1OC,c1ccc2nccnc2c1,-1101.962417,-1108.955831,6.993414838,2147.414838,2.975900914,11.58729166,
590,CCc1cnc2ccccc2n1,c1ccc2nccnc2c1,-880.6801937,-887.6792224,6.99902868,2153.02868,2.979127225,11.36821916,
591,CCc1cc2nccnc2cc1CC,c1ccc2nccnc2c1,-1053.01796,-1060.017166,6.999206478,2153.206478,2.981367731,11.24647961,
592,COc1ccc(OC)c2nccnc12,c1ccc2nccnc2c1,-1101.750941,-1108.761959,7.01101846,2165.01846,2.986232792,10.55803495,
593,C[n+]1cccc2ccc3c(CC[N+](C)(C)C)cc[n+](C)c3c21,C[n+]1cccc2ccc3ccc[n+](C)c3c21,-1678.928856,-1688.856008,9.92715259,5081.15259,2.986269975,300.4147966,
594,C[n+]1cccc2ccc3cc(CC[N+](C)(C)C)c[n+](C)c3c21,C[n+]1cccc2ccc3ccc[n+](C)c3c21,-1678.894469,-1688.846559,9.952089851,5106.089851,2.994090541,302.447732,
595,C[n+]1cccc2ccc3ccc(CC[N+](C)(C)C)[n+](C)c3c21,C[n+]1cccc2ccc3ccc[n+](C)c3c21,-1678.812921,-1688.768514,9.955592178,5109.592178,2.995137997,302.698306,
596,Oc1ccc2ncc(O)nc2c1,c1ccc2nccnc2c1,-930.5343562,-937.5682664,7.033910272,2187.910272,2.998130036,8.895293411,
597,COc1cnc2ccccc2n1,c1ccc2nccnc2c1,-905.4313478,-912.4643066,7.032958778,2186.958778,3.002960572,9.528577377,
598,C[n+]1ccc(-c2c(C[N+](C)(C)C)c[n+](C)cc2C[N+](C)(C)C)cc1,C[n+]1ccc(-c2cc[n+](C)cc2)cc1,-1918.068621,-1928.232231,10.16361009,5317.610095,3.005584838,94.45313769,
599,C[n+]1ccc(-c2cc[n+](C)cc2C[N+](C)(C)C)c(C[N+](C)(C)C)c1,C[n+]1ccc(-c2cc[n+](C)cc2)cc1,-1918.106251,-1928.273698,10.1674468,5321.446798,3.006314907,95.16916075,
600,C[n+]1cccc2cc(CC[N+](C)(C)C)c3ccc[n+](C)c3c21,C[n+]1cccc2ccc3ccc[n+](C)c3c21,-1678.739603,-1688.735614,9.996010829,5150.010829,3.007399091,306.0994631,
601,Cc1cccc2nccnc12,c1ccc2nccnc2c1,-794.4687873,-801.5196146,7.050827286,2204.827286,3.009707304,7.861773511,
602,CCc1cccc2nccnc12,c1ccc2nccnc2c1,-880.5993567,-887.6543348,7.054978148,2208.978148,3.01247004,7.650852595,
603,COCCc1ccc2ncc(CCOC)nc2c1,c1ccc2nccnc2c1,-1446.165111,-1453.23005,7.06493903,2218.93903,3.01415868,6.87304697,
604,Oc1cc2nccnc2cc1O,c1ccc2nccnc2c1,-930.1643194,-937.227311,7.062991591,2216.991591,3.015999632,7.070743803,
605,Cc1ccc2nccnc2c1,c1ccc2nccnc2c1,-794.4942894,-801.5574642,7.0631748,2217.1748,3.018014807,7.93678821,
606,COc1cccc2nccnc12,c1ccc2nccnc2c1,-904.9896243,-912.0612935,7.071669202,2225.669202,3.018292877,6.470250673,
607,CCc1ccc2nccnc2c1,c1ccc2nccnc2c1,-880.6231528,-887.6966347,7.073481872,2227.481872,3.021225419,6.37575039,
608,COCCc1cc2nccnc2cc1CCOC,c1ccc2nccnc2c1,-1446.065046,-1453.144882,7.079835584,2233.835584,3.025838948,6.069740245,
609,Oc1cnc2ccccc2n1,c1ccc2nccnc2c1,-819.5011805,-826.5850209,7.083840345,2237.840345,3.028035206,7.811480949,
610,COCCc1ccc(CCOC)c2nccnc12,c1ccc2nccnc2c1,-1446.120071,-1453.209432,7.089361376,2243.361376,3.028315172,5.299883287,
611,Oc1ccc(O)c2nccnc12,c1ccc2nccnc2c1,-930.0629811,-937.1539335,7.09095238,2244.95238,3.030226661,5.324701704,
612,C[n+]1cc(CC[N+](C)(C)C)cc2ccc3cc(CC[N+](C)(C)C)c[n+](C)c3c21,C[n+]1cccc2ccc3ccc[n+](C)c3c21,-2207.654768,-2217.732795,10.07802647,5232.026468,3.03114133,313.497489,
613,COCCc1cnc2ccccc2n1,c1ccc2nccnc2c1,-1077.180898,-1084.272669,7.091770776,2245.770776,3.031696818,5.350287753,
614,COc1ccc2nccnc2c1,c1ccc2nccnc2c1,-905.1230377,-912.2181647,7.095127021,2249.127021,3.032172923,4.970993369,
615,C[n+]1ccc(CC[N+](C)(C)C)c2ccc3c(CC[N+](C)(C)C)cc[n+](C)c3c21,C[n+]1cccc2ccc3ccc[n+](C)c3c21,-2207.538064,-2217.634253,10.09618871,5250.188708,3.036254672,315.1958325,
616,COCCc1cccc2nccnc12,c1ccc2nccnc2c1,-1077.131374,-1084.241842,7.110468438,2264.468438,3.038700701,4.11494353,
617,C[n+]1cccc2cc(C[N+](C)(C)C)c3ccc[n+](C)c3c21,C[n+]1cccc2ccc3ccc[n+](C)c3c21,-1592.396762,-1602.529827,10.13306532,5287.065321,3.046234882,318.823017,
618,C[n+]1cccc2ccc3cc(C[N+](C)(C)C)c[n+](C)c3c21,C[n+]1cccc2ccc3ccc[n+](C)c3c21,-1592.529379,-1602.669592,10.14021265,5294.212652,3.048149287,319.5206555,
619,Oc1ccc2nccnc2c1,c1ccc2nccnc2c1,-819.1777511,-826.3039217,7.126170599,2280.170599,3.04883396,3.109722139,
620,C[n+]1cccc2c(CC[N+](C)(C)C)c(CC[N+](C)(C)C)c3ccc[n+](C)c3c21,C[n+]1cccc2ccc3ccc[n+](C)c3c21,-2207.236908,-2217.394523,10.15761564,5311.615641,3.052822512,321.3670301,
621,C[n+]1c(CC[N+](C)(C)C)ccc2ccc3ccc(CC[N+](C)(C)C)[n+](C)c3c21,C[n+]1cccc2ccc3ccc[n+](C)c3c21,-2207.281036,-2217.446485,10.16544843,5319.448426,3.054817879,322.1435605,
622,C[n+]1ccc(-c2cc(C[N+](C)(C)C)[n+](C)c(C[N+](C)(C)C)c2)cc1,C[n+]1ccc(-c2cc[n+](C)cc2)cc1,-1917.817479,-1928.19701,10.37953083,5533.530829,3.056383619,136.9233141,
623,C[n+]1cccc2ccc3c(C[N+](C)(C)C)cc[n+](C)c3c21,C[n+]1cccc2ccc3ccc[n+](C)c3c21,-1592.390424,-1602.566273,10.17584923,5329.849229,3.057445449,323.2109102,
624,C[n+]1ccc(-c2cc[n+](C)c(C[N+](C)(C)C)c2)cc1C[N+](C)(C)C,C[n+]1ccc(-c2cc[n+](C)cc2)cc1,-1917.913202,-1928.302477,10.38927483,5543.274834,3.058100409,138.9371504,
625,COCCc1ccc2nccnc2c1,c1ccc2nccnc2c1,-1077.132978,-1084.276746,7.143767994,2297.767994,3.061269391,4.663092299,
626,Oc1cccc2nccnc12,c1ccc2nccnc2c1,-819.2244809,-826.3891323,7.164651333,2318.651333,3.06862701,1.562568006,
627,COCc1cnc2ccccc2n1,c1ccc2nccnc2c1,-991.0136028,-998.1825857,7.168982875,2322.982875,3.07200238,1.800231215,
628,C[n+]1cccc2ccc3ccc(C[N+](C)(C)C)[n+](C)c3c21,C[n+]1cccc2ccc3ccc[n+](C)c3c21,-1592.168146,-1602.403747,10.23560064,5389.600644,3.072510944,329.6640378,
629,COCc1nc2ccccc2nc1COC,c1ccc2nccnc2c1,-1273.850169,-1281.041388,7.191219537,2345.219537,3.084247061,2.310478435,
630,COCc1ccc2ncc(COC)nc2c1,c1ccc2nccnc2c1,-1273.824513,-1281.038404,7.213890776,2367.890776,3.096802645,3.443571542,
631,COCc1ccc2nccnc2c1,c1ccc2nccnc2c1,-990.9516554,-998.1656903,7.214034861,2368.034861,3.097625503,3.40388467,
632,COCc1cccc2nccnc12,c1ccc2nccnc2c1,-990.9448635,-998.1658923,7.221028743,2375.028743,3.100818102,5.549249013,
633,C[n+]1cccc2c(C[N+](C)(C)C)c(C[N+](C)(C)C)c3ccc[n+](C)c3c21,C[n+]1cccc2ccc3ccc[n+](C)c3c21,-2034.02522,-2044.497068,10.47184786,5625.847865,3.123280971,358.905636,
634,C[n+]1cc(C[N+](C)(C)C)cc2ccc3cc(C[N+](C)(C)C)c[n+](C)c3c21,C[n+]1cccc2ccc3ccc[n+](C)c3c21,-2034.712804,-2045.208602,10.49579852,5649.798525,3.127939025,362.2961989,
635,COCc1cc2nccnc2cc1COC,c1ccc2nccnc2c1,-1273.724864,-1281.004875,7.280010933,2434.010933,3.135509818,9.154309846,
636,COCc1ccc(COC)c2nccnc12,c1ccc2nccnc2c1,-1273.743893,-1281.024587,7.28069434,2434.69434,3.135950332,9.277572725,
637,C[n+]1ccc(C[N+](C)(C)C)c2ccc3c(C[N+](C)(C)C)cc[n+](C)c3c21,C[n+]1cccc2ccc3ccc[n+](C)c3c21,-2034.428156,-2044.982914,10.55475806,5708.758061,3.137984846,370.6352591,
638,C[n+]1c(C[N+](C)(C)C)ccc2ccc3ccc(C[N+](C)(C)C)[n+](C)c3c21,C[n+]1cccc2ccc3ccc[n+](C)c3c21,-2033.982148,-2044.622958,10.6408102,5794.810197,3.151695133,383.6373203,
639,Sc1cnc2ccccc2n1,c1ccc2nccnc2c1,-796.8796208,-804.2201886,7.340567826,2494.567826,3.168909285,11.62561673,
640,Sc1ccc2nccnc2c1,c1ccc2nccnc2c1,-796.7022239,-804.0476477,7.345423794,2499.423794,3.169335157,11.20455088,
641,C[N+](C)(C)CCc1ccc2nccnc2c1,c1ccc2nccnc2c1,-1237.078239,-1244.467444,7.389204495,2543.204495,3.195253832,13.90248161,
642,Sc1cccc2nccnc12,c1ccc2nccnc2c1,-796.797046,-804.2290829,7.432036893,2586.036893,3.219489125,16.50803702,
643,Sc1nc2ccccc2nc1S,c1ccc2nccnc2c1,-885.5710494,-893.0073224,7.436273006,2590.273006,3.22048066,16.85213695,
644,C[N+](C)(C)CCc1cnc2ccccc2n1,c1ccc2nccnc2c1,-1237.16531,-1244.625575,7.460264781,2614.264781,3.236088974,18.1941831,
645,Sc1cc2nccnc2cc1S,c1ccc2nccnc2c1,-885.1839503,-892.6553792,7.471428829,2625.428829,3.240767854,18.89592714,
646,Sc1ccc2ncc(S)nc2c1,c1ccc2nccnc2c1,-885.4387594,-892.9327328,7.493973457,2647.973457,3.252718823,20.23301317,
647,C[N+](C)(C)CCc1cccc2nccnc12,c1ccc2nccnc2c1,-1237.187365,-1244.695343,7.507977514,2661.977514,3.261034708,21.0224756,
648,C[N+](C)(C)CCc1cc2nccnc2cc1CC[N+](C)(C)C,c1ccc2nccnc2c1,-1765.896331,-1773.420154,7.523823276,2677.823276,3.271045965,21.98086102,
649,C[N+](C)(C)Cc1ccc2nccnc2c1,c1ccc2nccnc2c1,-1150.930873,-1158.504957,7.574083712,2728.083712,3.299572441,25.01006355,
650,C[N+](C)(C)Cc1cnc2ccccc2n1,c1ccc2nccnc2c1,-1150.980546,-1158.62461,7.644064202,2798.064202,3.344734658,29.81425975,
651,Sc1ccc(S)c2nccnc12,c1ccc2nccnc2c1,-885.4245835,-893.086092,7.661508564,2815.508564,3.351089544,30.03323713,
652,C[N+](C)(C)CCc1ccc2ncc(CC[N+](C)(C)C)nc2c1,c1ccc2nccnc2c1,-1766.093244,-1773.753524,7.660279921,2814.279921,3.35440681,30.68067195,
653,C[N+](C)(C)Cc1cccc2nccnc12,c1ccc2nccnc2c1,-1150.954984,-1158.652074,7.697090719,2851.090719,3.36889508,32.16981908,
654,C[N+](C)(C)CCc1nc2ccccc2nc1CC[N+](C)(C)C,c1ccc2nccnc2c1,-1766.134988,-1773.831285,7.696296547,2850.296547,3.371291392,32.09407744,
655,C[N+](C)(C)CCc1ccc(CC[N+](C)(C)C)c2nccnc12,c1ccc2nccnc2c1,-1766.163691,-1774.026055,7.862363744,3016.363744,3.46764907,41.6302489,
656,C[N+](C)(C)Cc1nc2ccccc2nc1C[N+](C)(C)C,c1ccc2nccnc2c1,-1593.705188,-1601.703832,7.998644151,3152.644151,3.546820362,49.44098493,
657,C[N+](C)(C)Cc1ccc2ncc(C[N+](C)(C)C)nc2c1,c1ccc2nccnc2c1,-1593.732625,-1601.744529,8.011904558,3165.904558,3.555063179,50.11892574,
658,C[N+](C)(C)Cc1cc2nccnc2cc1C[N+](C)(C)C,c1ccc2nccnc2c1,-1593.295933,-1601.331597,8.035664045,3189.664045,3.568291527,51.69308439,
659,C[N+](C)(C)Cc1ccc(C[N+](C)(C)C)c2nccnc12,c1ccc2nccnc2c1,-1593.780594,-1601.966566,8.185972209,3339.972209,3.656091101,60.26640619,